id,label
5,Trojan:Win32/Emotet
7,Trojan:Win32/Emotet
11,Trojan:Win32/Emotet
13,Trojan:Win32/Emotet
14,Trojan:Win32/Emotet
16,Trojan:Win32/Fuerboos
24,Trojan:Win32/Emotet
26,TrojanDownloader:O97M/Donoff
27,VirTool:Win32/VBInject
33,TrojanDownloader:O97M/Obfuse
36,Trojan:Win32/Emotet
37,VirTool:Win32/VBInject
39,Trojan:Win32/Fuerboos
51,Trojan:O97M/Obfuse
52,Trojan:Win32/Emotet
56,Trojan:Win32/Emotet
62,Trojan:Win32/Fuery
67,Trojan:Win32/Emotet
75,Trojan:Win32/Emotet
81,Trojan:Win32/Fuerboos
82,VirTool:Win32/VBInject
98,Trojan:Win32/Emotet
99,Trojan:Win32/Emotet
106,Trojan:Win32/Emotet
118,Trojan:Win32/Emotet
122,Trojan:Win32/Emotet
138,Trojan:Win32/Fuerboos
141,Trojan:Win32/Emotet
155,Trojan:Win32/Emotet
159,Trojan:HTML/Brocoiner
163,Trojan:Win32/Emotet
164,Trojan:Win32/Emotet
174,Trojan:Win32/Emotet
182,Trojan:Win32/Emotet
192,VirTool:Win32/VBInject
195,Trojan:Win32/Fuerboos
206,Trojan:Win32/Fuery
208,Trojan:Win32/Fuerboos
210,VirTool:Win32/VBInject
213,Trojan:Win32/Emotet
216,Trojan:Win32/Emotet
222,Trojan:Win32/Dynamer
225,Trojan:Win32/Dynamer
229,Trojan:Win32/Fuerboos
232,Trojan:Win32/Dynamer
233,Trojan:Win32/Sonbokli
243,Trojan:Win32/Emotet
245,Trojan:Win32/Emotet
246,Trojan:Win32/Emotet
258,Trojan:Win32/Fuerboos
269,Trojan:Win32/Emotet
273,Trojan:Win32/Emotet
275,VirTool:Win32/VBInject
278,Trojan:Win32/Emotet
286,Trojan:O97M/Obfuse
290,Trojan:Win32/Emotet
300,Trojan:Win32/MereTam
306,Trojan:O97M/Obfuse
309,Trojan:Win32/Sonbokli
333,Trojan:Win32/Fuerboos
336,Trojan:Win32/Emotet
346,Trojan:O97M/Obfuse
348,Trojan:Win32/Emotet
349,Trojan:Win32/Fuerboos
355,Trojan:Win32/Emotet
358,Trojan:Win32/Emotet
365,Trojan:O97M/Obfuse
371,Trojan:Win32/Emotet
372,Trojan:Win32/Emotet
380,Trojan:Win32/Emotet
384,Trojan:Win32/Emotet
391,Trojan:Win32/Emotet
400,Trojan:Win32/Fuerboos
403,Trojan:Win32/Emotet
406,TrojanDownloader:O97M/Obfuse
414,Trojan:Win32/Sonbokli
418,Trojan:Win32/Sonbokli
419,Trojan:Win32/Fuerboos
420,Trojan:Win32/Emotet
422,Trojan:Win32/Emotet
428,Trojan:Win32/Fuerboos
429,Trojan:Win32/Emotet
449,Trojan:Win32/Fuerboos
450,Trojan:Win32/Occamy
461,Trojan:Win32/Emotet
465,Trojan:Win32/Emotet
466,Trojan:Win32/Emotet
471,Trojan:Win32/Fuerboos
478,Trojan:Win32/Fuerboos
479,TrojanDownloader:O97M/Obfuse
480,Trojan:Win32/Emotet
481,Trojan:Win32/Emotet
482,Trojan:O97M/Obfuse
490,Trojan:Win32/Fuerboos
493,Trojan:Win32/Emotet
505,VirTool:Win32/VBInject
509,Trojan:Win32/MereTam
521,TrojanDownloader:O97M/Obfuse
524,Trojan:Win32/Emotet
526,Trojan:Win32/Emotet
527,Trojan:Win32/Emotet
528,Trojan:Win32/Emotet
534,Trojan:Win32/Emotet
536,Trojan:Win32/Emotet
543,Trojan:Win32/Emotet
550,Trojan:Win32/Sonbokli
553,Trojan:O97M/Obfuse
554,Trojan:Win32/Emotet
563,Trojan:O97M/Obfuse
585,TrojanDownloader:O97M/Obfuse
586,Trojan:Win32/Emotet
588,Trojan:Win32/Fuery
593,PWS:Win32/Fareit
594,Trojan:Win32/Emotet
601,Trojan:Win32/Emotet
608,Trojan:Win32/Fuerboos
614,VirTool:Win32/VBInject
624,Trojan:Win32/Emotet
626,Trojan:Win32/Emotet
638,Trojan:Win32/Emotet
643,Trojan:Win32/Emotet
647,VirTool:Win32/VBInject
650,Trojan:Win32/Emotet
652,Trojan:Win32/Fuerboos
659,Trojan:O97M/Obfuse
660,Trojan:O97M/Obfuse
670,Trojan:Win32/Emotet
685,TrojanDownloader:O97M/Obfuse
687,Trojan:Win32/Emotet
693,Trojan:Win32/Emotet
697,Trojan:Win32/Fuery
698,Trojan:Win32/Sonbokli
701,Trojan:Win32/Emotet
704,Trojan:Win32/Fuerboos
732,Trojan:Win32/Fuerboos
745,TrojanDownloader:O97M/Obfuse
746,Trojan:Win32/Emotet
749,VirTool:Win32/VBInject
751,TrojanDownloader:O97M/Obfuse
761,Trojan:Win32/MereTam
788,Trojan:Win32/Fuerboos
791,Trojan:Win32/Emotet
797,Trojan:Win32/Emotet
806,Trojan:Win32/MereTam
808,Trojan:Win32/MereTam
809,Trojan:Win32/Emotet
813,Trojan:Win32/Emotet
814,VirTool:Win32/VBInject
822,Trojan:Win32/Occamy
825,Trojan:Win32/Emotet
833,TrojanDownloader:O97M/Obfuse
838,Trojan:Win32/Sonbokli
839,Trojan:Win32/Fuerboos
841,Trojan:Win32/Emotet
846,Trojan:Win32/Emotet
857,Trojan:Win32/Emotet
862,Trojan:Win32/Emotet
863,Trojan:Win32/Emotet
870,TrojanDownloader:O97M/Obfuse
876,Trojan:Win32/Emotet
879,Trojan:Win32/Emotet
882,TrojanDownloader:O97M/Donoff
883,Trojan:Win32/Emotet
894,TrojanDownloader:O97M/Obfuse
902,Trojan:Win32/Emotet
912,Trojan:Win32/Emotet
921,Trojan:Win32/Sonbokli
925,VirTool:Win32/VBInject
931,Trojan:Win32/Emotet
932,Trojan:Win32/Emotet
941,Trojan:Win32/Emotet
943,Trojan:Win32/Dynamer
948,TrojanDownloader:O97M/Donoff
959,Trojan:Win32/Emotet
960,Trojan:Win32/Fuerboos
966,Trojan:Win32/Fuerboos
968,Trojan:Win32/Emotet
986,Trojan:Win32/Fuerboos
991,Trojan:HTML/Brocoiner
1013,Trojan:Win32/MereTam
1014,Trojan:O97M/Obfuse
1018,Trojan:Win32/Emotet
1019,Trojan:Win32/Emotet
1020,TrojanDownloader:O97M/Obfuse
1040,Trojan:Win32/Emotet
1043,Trojan:Win32/Emotet
1044,Trojan:Win32/Emotet
1048,Trojan:Win32/Emotet
1052,Trojan:Win32/Emotet
1056,Trojan:Win32/Emotet
1064,Trojan:Win32/Fuerboos
1066,Trojan:O97M/Obfuse
1067,VirTool:Win32/VBInject
1068,Trojan:HTML/Brocoiner
1072,Trojan:Win32/Emotet
1074,Trojan:Win32/Fuerboos
1084,Trojan:Win32/Emotet
1085,Trojan:Win32/Fuerboos
1089,Trojan:Win32/Emotet
1091,Trojan:Win32/Emotet
1092,Trojan:Win32/Emotet
1101,Trojan:Win32/MereTam
1112,Trojan:Win32/Emotet
1117,Trojan:Win32/Sonbokli
1123,Trojan:Win32/Emotet
1134,Trojan:Win32/Occamy
1145,VirTool:Win32/VBInject
1146,Trojan:Win32/Emotet
1150,Trojan:Win32/Fuerboos
1154,Trojan:Win32/Emotet
1166,Trojan:Win32/Emotet
1169,Trojan:Win32/Emotet
1177,Trojan:Win32/Emotet
1193,Trojan:Win32/Sonbokli
1204,Trojan:Win32/Sonbokli
1208,VirTool:Win32/VBInject
1210,Trojan:HTML/Brocoiner
1215,VirTool:Win32/VBInject
1218,Trojan:Win32/Emotet
1226,Trojan:Win32/Fuerboos
1230,Trojan:Win32/Fuerboos
1237,Trojan:Win32/Emotet
1243,Trojan:Win32/Fuerboos
1247,Trojan:Win32/Emotet
1253,Trojan:Win32/Fuerboos
1255,Trojan:Win32/Emotet
1257,Trojan:Win32/Emotet
1269,Trojan:Win32/Emotet
1273,Trojan:Win32/Emotet
1274,Trojan:Win32/Emotet
1277,VirTool:Win32/VBInject
1282,Trojan:Win32/Emotet
1287,Trojan:Win32/Emotet
1289,Trojan:Win32/Emotet
1307,Trojan:Win32/Emotet
1311,Trojan:Win32/Emotet
1312,Trojan:Win32/Emotet
1314,Trojan:Win32/Emotet
1315,Trojan:Win32/Emotet
1321,Trojan:Win32/Fuerboos
1345,Trojan:Win32/Emotet
1350,Trojan:Win32/Fuerboos
1358,Trojan:Win32/Emotet
1361,Trojan:Win32/Fuerboos
1371,Trojan:Win32/Emotet
1373,Trojan:Win32/Emotet
1376,Trojan:Win32/Fuerboos
1384,Trojan:Win32/Emotet
1387,Trojan:Win32/Emotet
1389,Trojan:Win32/Emotet
1391,Trojan:Win32/Emotet
1395,Trojan:Win32/Emotet
1397,TrojanDownloader:O97M/Obfuse
1409,Trojan:Win32/MereTam
1410,Trojan:Win32/Occamy
1415,Trojan:Win32/Fuerboos
1417,Trojan:Win32/MereTam
1421,Trojan:Win32/Emotet
1422,Trojan:Win32/Emotet
1427,TrojanDownloader:O97M/Obfuse
1428,Trojan:Win32/Emotet
1436,TrojanDownloader:O97M/Obfuse
1438,Trojan:Win32/Emotet
1439,Trojan:Win32/Emotet
1442,Trojan:Win32/Emotet
1444,VirTool:Win32/VBInject
1446,VirTool:Win32/VBInject
1447,Trojan:Win32/Emotet
1458,Trojan:Win32/Emotet
1459,Trojan:Win32/Emotet
1460,VirTool:Win32/VBInject
1464,Trojan:Win32/Emotet
1465,Trojan:Win32/Emotet
1471,Trojan:Win32/Fuerboos
1475,Trojan:Win32/Fuerboos
1482,Trojan:Win32/Emotet
1485,Trojan:Win32/Fuerboos
1489,Trojan:Win32/Emotet
1490,Trojan:HTML/Brocoiner
1492,Trojan:Win32/Emotet
1497,Trojan:Win32/Emotet
1503,Trojan:HTML/Brocoiner
1510,VirTool:Win32/VBInject
1511,VirTool:Win32/VBInject
1512,VirTool:Win32/VBInject
1516,Trojan:Win32/Emotet
1519,VirTool:Win32/VBInject
1523,Trojan:Win32/Fuerboos
1530,Trojan:Win32/Dynamer
1532,TrojanDownloader:O97M/Obfuse
1543,Trojan:Win32/Emotet
1546,Trojan:Win32/Emotet
1552,Trojan:Win32/Fuerboos
1553,Trojan:Win32/Fuerboos
1557,Trojan:Win32/Fuerboos
1559,Trojan:Win32/MereTam
1562,Trojan:Win32/Sonbokli
1564,Trojan:Win32/Emotet
1565,Trojan:Win32/Emotet
1566,Trojan:O97M/Obfuse
1574,Trojan:Win32/Emotet
1584,Trojan:Win32/Emotet
1585,Trojan:O97M/Obfuse
1586,Trojan:Win32/Emotet
1588,Trojan:Win32/MereTam
1589,TrojanDownloader:O97M/Obfuse
1601,Trojan:Win32/Emotet
1607,Trojan:Win32/Emotet
1608,Trojan:O97M/Obfuse
1613,Trojan:Win32/Emotet
1615,Trojan:Win32/Fuerboos
1620,Trojan:Win32/Fuerboos
1622,Trojan:Win32/Emotet
1630,Trojan:Win32/Emotet
1633,Trojan:Win32/Emotet
1644,Trojan:Win32/Occamy
1645,Trojan:Win32/Emotet
1648,TrojanDownloader:O97M/Obfuse
1649,Trojan:Win32/Emotet
1656,Trojan:Win32/Emotet
1658,Trojan:Win32/Emotet
1659,Trojan:Win32/Emotet
1660,Trojan:O97M/Obfuse
1663,Trojan:Win32/Emotet
1667,Trojan:Win32/Emotet
1670,Trojan:Win32/Fuerboos
1671,Trojan:Win32/Emotet
1673,Trojan:Win32/Emotet
1675,Trojan:Win32/Fuerboos
1677,Trojan:Win32/Emotet
1687,VirTool:Win32/VBInject
1692,Trojan:Win32/Emotet
1703,Trojan:Win32/Emotet
1712,Trojan:Win32/Emotet
1718,Trojan:Win32/Fuerboos
1728,Trojan:Win32/Emotet
1729,Trojan:Win32/Emotet
1730,Trojan:Win32/Lokibot
1739,Trojan:Win32/Emotet
1740,Trojan:Win32/Fuerboos
1741,Trojan:Win32/Emotet
1744,Trojan:Win32/Fuerboos
1746,Trojan:Win32/Emotet
1751,Trojan:Win32/Emotet
1759,Trojan:Win32/Sonbokli
1769,Trojan:Win32/Emotet
1770,PWS:Win32/Fareit
1771,Trojan:Win32/Emotet
1772,Trojan:Win32/Fuerboos
1773,Trojan:Win32/Emotet
1778,Trojan:Win32/Emotet
1781,Trojan:Win32/Emotet
1784,Trojan:Win32/Fuerboos
1787,Trojan:Win32/Emotet
1793,Trojan:Win32/Emotet
1800,Trojan:Win32/Emotet
1817,Trojan:Win32/Emotet
1819,PWS:Win32/Fareit
1837,Trojan:O97M/Obfuse
1840,Trojan:Win32/Emotet
1844,Trojan:Win32/Emotet
1849,Trojan:Win32/Emotet
1853,Trojan:Win32/Emotet
1857,Trojan:Win32/Emotet
1860,Trojan:Win32/Fuerboos
1862,PWS:Win32/Fareit
1866,TrojanDownloader:O97M/Obfuse
1871,Trojan:Win32/Emotet
1876,PWS:Win32/Fareit
1879,Trojan:Win32/Emotet
1888,Trojan:Win32/Emotet
1894,Trojan:Win32/Emotet
1895,Trojan:Win32/Emotet
1897,Trojan:Win32/Emotet
1902,Trojan:Win32/Emotet
1903,Trojan:Win32/Emotet
1909,Trojan:Win32/MereTam
1911,Trojan:Win32/Emotet
1915,Trojan:Win32/Occamy
1916,Trojan:Win32/Emotet
1926,Trojan:Win32/Fuerboos
1929,VirTool:Win32/VBInject
1947,Trojan:Win32/Emotet
1948,Trojan:Win32/Emotet
1954,Trojan:Win32/Fuerboos
1957,Trojan:Win32/Sonbokli
1960,Trojan:Win32/Emotet
1962,Trojan:Win32/Emotet
2003,Trojan:Win32/Fuerboos
2006,Trojan:Win32/Fuerboos
2021,Trojan:Win32/Fuery
2025,Trojan:Win32/Fuerboos
2027,Trojan:Win32/Emotet
2040,Trojan:Win32/Dynamer
2044,VirTool:Win32/VBInject
2053,Trojan:Win32/Emotet
2057,TrojanDownloader:O97M/Obfuse
2058,Trojan:Win32/Fuerboos
2059,Trojan:Win32/Fuerboos
2064,Trojan:Win32/Lokibot
2067,Trojan:Win32/Emotet
2071,Trojan:Win32/Fuerboos
2072,Trojan:Win32/Emotet
2076,Trojan:Win32/Emotet
2082,Trojan:Win32/Emotet
2083,Trojan:Win32/Fuerboos
2085,VirTool:Win32/VBInject
2091,Trojan:Win32/Emotet
2129,Trojan:Win32/Emotet
2134,Trojan:Win32/Emotet
2139,Trojan:Win32/Emotet
2140,Trojan:Win32/Emotet
2144,TrojanDownloader:O97M/Obfuse
2150,Trojan:Win32/Emotet
2152,VirTool:Win32/VBInject
2154,TrojanDownloader:O97M/Obfuse
2155,VirTool:Win32/VBInject
2157,Trojan:Win32/Occamy
2158,VirTool:Win32/VBInject
2162,Trojan:Win32/Fuerboos
2166,Trojan:Win32/Skeeyah
2176,Trojan:Win32/Emotet
2181,Trojan:Win32/Lokibot
2183,Trojan:Win32/Emotet
2184,Trojan:Win32/Emotet
2187,Trojan:Win32/Fuerboos
2192,TrojanDownloader:O97M/Donoff
2194,Trojan:Win32/Sonbokli
2199,Trojan:Win32/Emotet
2201,Trojan:Win32/Fuerboos
2204,Trojan:Win32/Skeeyah
2209,Trojan:Win32/Emotet
2210,Trojan:Win32/Emotet
2216,Trojan:Win32/Fuerboos
2218,Trojan:Win32/Emotet
2219,Trojan:Win32/Fuerboos
2220,TrojanDownloader:O97M/Donoff
2221,Trojan:Win32/Fuerboos
2225,Trojan:Win32/Emotet
2229,Trojan:Win32/Emotet
2239,Trojan:Win32/Emotet
2243,Trojan:Win32/Sonbokli
2245,Trojan:Win32/Fuerboos
2246,Trojan:Win32/Fuerboos
2247,Trojan:Win32/Emotet
2252,Trojan:Win32/Emotet
2257,Trojan:Win32/Occamy
2258,TrojanDownloader:O97M/Obfuse
2261,Trojan:Win32/Emotet
2265,Trojan:Win32/Emotet
2266,Trojan:Win32/Emotet
2274,Trojan:Win32/Emotet
2279,Trojan:Win32/Fuerboos
2285,Trojan:Win32/Emotet
2289,Trojan:Win32/Emotet
2292,TrojanDownloader:O97M/Donoff
2293,Trojan:Win32/Emotet
2297,Trojan:Win32/Emotet
2303,Trojan:Win32/Emotet
2304,Trojan:Win32/Sonbokli
2309,VirTool:Win32/VBInject
2311,Trojan:Win32/Emotet
2318,TrojanDownloader:O97M/Obfuse
2322,Trojan:Win32/Emotet
2328,Trojan:Win32/Emotet
2329,Trojan:Win32/Fuerboos
2332,Trojan:Win32/Emotet
2337,Trojan:Win32/Dynamer
2341,Trojan:Win32/Emotet
2343,Trojan:Win32/Emotet
2345,Trojan:Win32/Fuerboos
2346,VirTool:Win32/VBInject
2366,Trojan:Win32/Occamy
2374,Trojan:Win32/Fuerboos
2378,Trojan:Win32/Emotet
2380,Trojan:Win32/Occamy
2381,VirTool:Win32/VBInject
2384,Trojan:Win32/Emotet
2388,VirTool:Win32/VBInject
2397,Trojan:Win32/Emotet
2398,Trojan:Win32/Fuerboos
2403,Trojan:Win32/Emotet
2408,Trojan:Win32/Emotet
2412,Trojan:Win32/Emotet
2421,Trojan:Win32/MereTam
2428,TrojanDownloader:O97M/Obfuse
2429,Trojan:Win32/Emotet
2442,Trojan:Win32/Emotet
2444,TrojanDownloader:O97M/Obfuse
2448,Trojan:Win32/Emotet
2451,TrojanDownloader:O97M/Obfuse
2460,Trojan:Win32/Fuerboos
2464,Trojan:Win32/Emotet
2468,Trojan:Win32/Fuerboos
2471,Trojan:Win32/Emotet
2474,Trojan:Win32/Emotet
2481,Trojan:Win32/Emotet
2486,Trojan:Win32/Emotet
2494,Trojan:Win32/MereTam
2501,Trojan:O97M/Obfuse
2502,Trojan:Win32/Emotet
2507,Trojan:Win32/Emotet
2508,Trojan:Win32/Emotet
2516,Trojan:Win32/Emotet
2526,TrojanDownloader:O97M/Donoff
2531,Trojan:Win32/Emotet
2538,Trojan:Win32/Emotet
2539,VirTool:Win32/VBInject
2550,Trojan:Win32/Fuerboos
2558,PWS:Win32/Fareit
2565,Trojan:Win32/Fuerboos
2570,TrojanDownloader:O97M/Obfuse
2572,Trojan:Win32/Emotet
2575,VirTool:Win32/VBInject
2579,Trojan:Win32/Dynamer
2580,Trojan:O97M/Obfuse
2585,Trojan:Win32/Emotet
2590,Trojan:Win32/Emotet
2606,PWS:Win32/Fareit
2611,Trojan:Win32/Emotet
2612,Trojan:O97M/Obfuse
2613,Trojan:Win32/Occamy
2618,TrojanDownloader:O97M/Obfuse
2622,TrojanDownloader:O97M/Obfuse
2623,VirTool:Win32/VBInject
2625,Trojan:O97M/Obfuse
2629,Trojan:Win32/Emotet
2645,Trojan:O97M/Obfuse
2653,Trojan:Win32/Fuerboos
2658,TrojanDownloader:O97M/Obfuse
2666,Trojan:Win32/Emotet
2667,Trojan:Win32/Fuerboos
2673,Trojan:Win32/Fuerboos
2679,Trojan:Win32/Occamy
2680,Trojan:Win32/Emotet
2685,Trojan:Win32/Fuerboos
2698,VirTool:Win32/VBInject
2706,Trojan:Win32/Emotet
2709,Trojan:Win32/Fuerboos
2714,Trojan:HTML/Brocoiner
2718,Trojan:Win32/Emotet
2721,Trojan:Win32/Emotet
2727,Trojan:Win32/Fuerboos
2730,Trojan:Win32/Fuerboos
2734,Trojan:Win32/Emotet
2737,VirTool:Win32/VBInject
2747,Trojan:Win32/Emotet
2754,VirTool:Win32/VBInject
2760,Trojan:Win32/Occamy
2761,Trojan:Win32/Emotet
2764,Trojan:Win32/Emotet
2768,Trojan:Win32/Emotet
2779,VirTool:Win32/VBInject
2780,Trojan:Win32/Fuerboos
2781,Trojan:Win32/Emotet
2782,Trojan:Win32/Emotet
2790,Trojan:Win32/Emotet
2793,Trojan:Win32/Emotet
2803,Trojan:Win32/Emotet
2809,Trojan:Win32/MereTam
2812,Trojan:Win32/Emotet
2819,Trojan:Win32/Fuerboos
2825,Trojan:Win32/Fuerboos
2829,Trojan:Win32/Emotet
2842,Trojan:Win32/Fuerboos
2843,Trojan:Win32/Emotet
2848,Trojan:Win32/Fuerboos
2851,Trojan:Win32/Emotet
2861,Trojan:O97M/Obfuse
2863,Trojan:Win32/Fuerboos
2865,Trojan:Win32/Emotet
2881,Trojan:Win32/Fuerboos
2882,Trojan:Win32/Fuerboos
2888,TrojanDownloader:O97M/Obfuse
2889,Trojan:Win32/Emotet
2891,Trojan:HTML/Brocoiner
2896,Trojan:Win32/Fuerboos
2898,Trojan:Win32/Emotet
2904,Trojan:Win32/Emotet
2908,TrojanDownloader:O97M/Donoff
2914,Trojan:Win32/Emotet
2922,Trojan:Win32/Emotet
2924,Trojan:Win32/Emotet
2931,Trojan:Win32/Emotet
2935,Trojan:Win32/Emotet
2940,Trojan:Win32/Emotet
2942,Trojan:Win32/Emotet
2947,Trojan:Win32/Emotet
2962,VirTool:Win32/VBInject
2968,Trojan:Win32/Emotet
2971,VirTool:Win32/VBInject
2972,Trojan:Win32/Fuerboos
2973,Trojan:HTML/Brocoiner
2981,Trojan:Win32/Fuerboos
2983,Trojan:Win32/Occamy
2994,Trojan:Win32/Emotet
3000,Trojan:Win32/Fuerboos
3010,Trojan:Win32/Dynamer
3016,Trojan:Win32/Emotet
3020,Trojan:Win32/Emotet
3026,Trojan:Win32/Emotet
3028,Trojan:Win32/Fuerboos
3032,PWS:Win32/Fareit
3040,Trojan:Win32/Fuery
3044,Trojan:Win32/Emotet
3050,Trojan:Win32/Emotet
3052,Trojan:Win32/Fuerboos
3053,Trojan:Win32/Emotet
3056,Trojan:Win32/Emotet
3065,TrojanDownloader:O97M/Obfuse
3070,VirTool:Win32/VBInject
3072,Trojan:Win32/Emotet
3073,Trojan:Win32/Emotet
3075,TrojanDownloader:O97M/Obfuse
3080,Trojan:Win32/Emotet
3088,Trojan:Win32/Fuerboos
3089,Trojan:Win32/Emotet
3095,Trojan:Win32/Emotet
3100,Trojan:Win32/Emotet
3110,Trojan:Win32/Fuerboos
3111,Trojan:Win32/Emotet
3132,Trojan:Win32/Emotet
3136,Trojan:Win32/Emotet
3137,Trojan:Win32/Emotet
3149,Trojan:O97M/Obfuse
3150,Trojan:Win32/Emotet
3152,Trojan:Win32/Fuerboos
3154,Trojan:Win32/Emotet
3165,Trojan:Win32/Sonbokli
3170,Trojan:HTML/Brocoiner
3172,Trojan:Win32/Emotet
3176,Trojan:Win32/Occamy
3179,Trojan:O97M/Obfuse
3180,Trojan:Win32/Emotet
3181,Trojan:Win32/Emotet
3188,Trojan:O97M/Obfuse
3189,Trojan:Win32/Fuerboos
3194,Trojan:HTML/Brocoiner
3213,Trojan:Win32/Fuerboos
3215,Trojan:Win32/Fuerboos
3217,Trojan:Win32/Occamy
3220,Trojan:Win32/Emotet
3222,Trojan:Win32/Fuerboos
3223,Trojan:Win32/Emotet
3226,Trojan:Win32/Emotet
3233,Trojan:Win32/Emotet
3238,Trojan:Win32/Emotet
3255,Trojan:Win32/Emotet
3260,Trojan:Win32/Fuerboos
3267,Trojan:Win32/Emotet
3281,Trojan:Win32/Emotet
3282,Trojan:Win32/Emotet
3284,Trojan:Win32/Emotet
3293,Trojan:Win32/Emotet
3313,Trojan:Win32/Emotet
3318,Trojan:Win32/Fuerboos
3323,Trojan:HTML/Brocoiner
3326,Trojan:Win32/Emotet
3343,Trojan:Win32/MereTam
3350,Trojan:Win32/Occamy
3354,Trojan:O97M/Obfuse
3359,Trojan:Win32/Emotet
3363,Trojan:Win32/Emotet
3364,Trojan:Win32/Emotet
3369,Trojan:Win32/Fuerboos
3370,Trojan:Win32/Fuerboos
3372,Trojan:Win32/Emotet
3386,Trojan:Win32/Emotet
3387,Trojan:Win32/Sonbokli
3389,PWS:Win32/Fareit
3390,Trojan:Win32/Emotet
3410,Trojan:Win32/Emotet
3411,Trojan:Win32/Fuerboos
3413,PWS:Win32/Fareit
3426,Trojan:Win32/Emotet
3427,TrojanDownloader:O97M/Obfuse
3430,Trojan:Win32/Fuerboos
3432,Trojan:Win32/Sonbokli
3437,Trojan:Win32/Emotet
3441,Trojan:Win32/Emotet
3442,Trojan:Win32/Fuerboos
3449,Trojan:Win32/Emotet
3451,Trojan:Win32/Emotet
3452,VirTool:Win32/VBInject
3457,Trojan:O97M/Obfuse
3459,VirTool:Win32/VBInject
3466,Trojan:Win32/Emotet
3475,Trojan:Win32/Emotet
3478,Trojan:Win32/Emotet
3487,Trojan:Win32/Fuerboos
3489,Trojan:Win32/Emotet
3495,Trojan:Win32/Emotet
3496,Trojan:Win32/Emotet
3497,Trojan:Win32/Emotet
3498,Trojan:O97M/Obfuse
3501,Trojan:Win32/Fuerboos
3505,Trojan:Win32/Emotet
3511,Trojan:Win32/Emotet
3515,Trojan:Win32/Fuerboos
3517,Trojan:Win32/Fuerboos
3524,PWS:Win32/Fareit
3526,Trojan:Win32/Lokibot
3527,Trojan:Win32/Emotet
3531,Trojan:O97M/Obfuse
3533,Trojan:Win32/Lokibot
3535,Trojan:O97M/Obfuse
3549,Trojan:Win32/Emotet
3553,Trojan:Win32/Fuerboos
3555,VirTool:Win32/VBInject
3558,Trojan:Win32/Fuerboos
3559,Trojan:Win32/Fuerboos
3562,Trojan:Win32/Fuerboos
3564,Trojan:Win32/Emotet
3568,Trojan:Win32/Emotet
3570,Trojan:Win32/Emotet
3581,Trojan:Win32/Fuerboos
3583,VirTool:Win32/VBInject
3589,VirTool:Win32/VBInject
3595,Trojan:Win32/Emotet
3599,Trojan:Win32/Emotet
3601,VirTool:Win32/VBInject
3602,Trojan:Win32/Emotet
3610,Trojan:Win32/Emotet
3611,VirTool:Win32/VBInject
3613,Trojan:Win32/Emotet
3616,TrojanDownloader:O97M/Obfuse
3623,Trojan:Win32/Emotet
3631,VirTool:Win32/VBInject
3647,Trojan:Win32/Emotet
3652,Trojan:Win32/Emotet
3657,Trojan:Win32/Emotet
3661,Trojan:Win32/Emotet
3663,Trojan:Win32/Fuery
3675,Trojan:Win32/Emotet
3678,Trojan:Win32/Fuerboos
3680,Trojan:Win32/Emotet
3685,Trojan:Win32/Fuerboos
3688,TrojanDownloader:O97M/Obfuse
3696,Trojan:Win32/Fuerboos
3701,Trojan:Win32/Emotet
3706,VirTool:Win32/VBInject
3708,Trojan:Win32/Fuerboos
3710,Trojan:Win32/Emotet
3711,Trojan:Win32/Occamy
3712,Trojan:Win32/Emotet
3715,VirTool:Win32/VBInject
3720,TrojanDownloader:O97M/Obfuse
3732,VirTool:Win32/VBInject
3740,Trojan:Win32/Fuerboos
3742,Trojan:Win32/Emotet
3743,Trojan:Win32/Skeeyah
3746,Trojan:Win32/Emotet
3747,Trojan:Win32/Emotet
3748,TrojanDownloader:O97M/Obfuse
3752,Trojan:Win32/Emotet
3753,Trojan:Win32/Fuerboos
3754,Trojan:Win32/Emotet
3755,Trojan:Win32/Emotet
3756,Trojan:Win32/Emotet
3758,VirTool:Win32/VBInject
3760,Trojan:Win32/Fuerboos
3764,Trojan:Win32/Emotet
3776,Trojan:Win32/Fuerboos
3782,Trojan:Win32/Emotet
3788,VirTool:Win32/VBInject
3792,Trojan:Win32/Emotet
3795,TrojanDownloader:O97M/Obfuse
3796,Trojan:Win32/Emotet
3799,Trojan:Win32/Emotet
3800,Trojan:Win32/Emotet
3812,Trojan:Win32/Fuerboos
3813,TrojanDownloader:O97M/Obfuse
3814,Trojan:Win32/Emotet
3816,Trojan:Win32/Fuerboos
3817,Trojan:Win32/Emotet
3820,Trojan:Win32/Emotet
3825,Trojan:Win32/Emotet
3827,Trojan:Win32/Emotet
3828,Trojan:Win32/Emotet
3831,VirTool:Win32/VBInject
3833,Trojan:Win32/Emotet
3836,VirTool:Win32/VBInject
3844,VirTool:Win32/VBInject
3846,Trojan:Win32/Fuerboos
3854,Trojan:Win32/Emotet
3858,Trojan:Win32/Emotet
3869,Trojan:Win32/Emotet
3870,Trojan:Win32/Fuerboos
3872,Trojan:Win32/Emotet
3874,Trojan:Win32/Emotet
3876,Trojan:Win32/Emotet
3878,VirTool:Win32/VBInject
3889,Trojan:Win32/Lokibot
3892,Trojan:Win32/Dynamer
3902,Trojan:Win32/Emotet
3906,Trojan:Win32/Emotet
3914,Trojan:Win32/Emotet
3916,VirTool:Win32/VBInject
3923,Trojan:Win32/Fuerboos
3925,Trojan:Win32/Emotet
3927,VirTool:Win32/VBInject
3929,Trojan:Win32/MereTam
3940,Trojan:Win32/Emotet
3951,Trojan:Win32/Skeeyah
3964,Trojan:Win32/Fuerboos
3970,PWS:Win32/Fareit
3971,Trojan:Win32/Emotet
3976,Trojan:Win32/Emotet
3981,Trojan:Win32/Emotet
3987,Trojan:Win32/Emotet
3992,Trojan:Win32/Emotet
4002,Trojan:Win32/Emotet
4006,Trojan:Win32/Emotet
4008,Trojan:Win32/Emotet
4015,Trojan:Win32/Fuerboos
4023,Trojan:Win32/Emotet
4030,Trojan:Win32/Fuerboos
4034,Trojan:Win32/Fuerboos
4035,Trojan:Win32/Emotet
4042,TrojanDownloader:O97M/Obfuse
4045,Trojan:Win32/Sonbokli
4046,Trojan:Win32/Emotet
4055,Trojan:Win32/Fuerboos
4060,VirTool:Win32/VBInject
4075,Trojan:Win32/Emotet
4080,Trojan:Win32/Sonbokli
4085,Trojan:Win32/Occamy
4086,VirTool:Win32/VBInject
4087,Trojan:Win32/Emotet
4108,Trojan:Win32/Emotet
4115,Trojan:Win32/Skeeyah
4118,Trojan:HTML/Brocoiner
4125,Trojan:Win32/Emotet
4132,Trojan:Win32/Emotet
4134,Trojan:Win32/Emotet
4137,Trojan:Win32/Emotet
4141,Trojan:Win32/MereTam
4143,Trojan:Win32/Emotet
4144,Trojan:Win32/MereTam
4155,Trojan:Win32/Emotet
4160,Trojan:Win32/Emotet
4168,Trojan:Win32/Sonbokli
4180,Trojan:Win32/Emotet
4181,Trojan:Win32/Emotet
4186,Trojan:Win32/Emotet
4187,Trojan:Win32/Emotet
4188,Trojan:Win32/Emotet
4203,Trojan:Win32/Emotet
4207,Trojan:Win32/Emotet
4210,Trojan:O97M/Obfuse
4211,Trojan:Win32/Emotet
4224,Trojan:Win32/Emotet
4242,Trojan:Win32/Emotet
4244,Trojan:Win32/Sonbokli
4249,Trojan:Win32/Emotet
4251,Trojan:Win32/Fuerboos
4252,Trojan:Win32/Emotet
4254,Trojan:HTML/Brocoiner
4260,Trojan:Win32/Emotet
4264,VirTool:Win32/VBInject
4272,Trojan:Win32/Emotet
4274,Trojan:Win32/Emotet
4278,Trojan:Win32/Fuerboos
4280,Trojan:Win32/Fuerboos
4288,PWS:Win32/Fareit
4296,Trojan:Win32/Emotet
4300,Trojan:Win32/Emotet
4319,Trojan:Win32/Fuerboos
4320,Trojan:Win32/Emotet
4322,Trojan:Win32/Emotet
4333,Trojan:Win32/Azden
4342,Trojan:Win32/Fuerboos
4348,TrojanDownloader:O97M/Obfuse
4354,Trojan:Win32/Occamy
4356,Trojan:Win32/Emotet
4360,Trojan:Win32/Dynamer
4380,Trojan:Win32/Emotet
4385,Trojan:Win32/Emotet
4388,Trojan:Win32/Fuerboos
4389,Trojan:Win32/Emotet
4392,Trojan:Win32/MereTam
4400,VirTool:Win32/VBInject
4409,Trojan:Win32/Emotet
4413,Trojan:Win32/Emotet
4418,VirTool:Win32/VBInject
4420,TrojanDownloader:O97M/Obfuse
4421,Trojan:Win32/Occamy
4425,Trojan:Win32/Emotet
4429,Trojan:Win32/Emotet
4435,Trojan:Win32/Fuerboos
4443,Trojan:Win32/Fuerboos
4444,Trojan:Win32/Tiggre
4450,Trojan:Win32/Emotet
4456,Trojan:Win32/Occamy
4465,Trojan:Win32/Fuerboos
4466,Trojan:Win32/Emotet
4471,Trojan:Win32/Emotet
4473,Trojan:Win32/Emotet
4478,Trojan:Win32/Emotet
4489,Trojan:Win32/Emotet
4495,TrojanDownloader:O97M/Obfuse
4501,Trojan:Win32/Fuerboos
4502,Trojan:O97M/Obfuse
4519,Trojan:Win32/Fuerboos
4536,Trojan:Win32/Emotet
4539,Trojan:Win32/Emotet
4541,Trojan:Win32/Emotet
4542,Trojan:Win32/Sonbokli
4555,Trojan:Win32/Emotet
4557,TrojanDownloader:O97M/Obfuse
4558,PWS:Win32/Fareit
4560,Trojan:Win32/Emotet
4562,Trojan:Win32/Emotet
4566,VirTool:Win32/VBInject
4568,Trojan:Win32/Emotet
4582,PWS:Win32/Fareit
4585,Trojan:Win32/Emotet
4586,Trojan:Win32/Emotet
4590,Trojan:Win32/Fuerboos
4591,Trojan:HTML/Brocoiner
4592,Trojan:Win32/Emotet
4603,Trojan:Win32/Emotet
4604,VirTool:Win32/VBInject
4609,Trojan:Win32/Emotet
4611,Trojan:O97M/Obfuse
4618,Trojan:Win32/Pynamer
4622,Trojan:Win32/Emotet
4631,Trojan:Win32/Emotet
4637,Trojan:Win32/Emotet
4643,Trojan:Win32/Fuerboos
4644,Trojan:Win32/Emotet
4648,Trojan:O97M/Obfuse
4665,Trojan:Win32/Emotet
4671,Trojan:Win32/Fuerboos
4674,Trojan:Win32/Emotet
4683,Trojan:Win32/Emotet
4693,Trojan:Win32/Emotet
4696,TrojanDownloader:O97M/Obfuse
4703,Trojan:Win32/Emotet
4706,Trojan:O97M/Obfuse
4708,Trojan:Win32/Fuerboos
4710,Trojan:Win32/Emotet
4713,Trojan:Win32/Fuerboos
4715,Trojan:Win32/Emotet
4720,Trojan:Win32/Emotet
4722,Trojan:O97M/Obfuse
4732,VirTool:Win32/VBInject
4733,Trojan:Win32/Emotet
4735,Trojan:Win32/Fuerboos
4737,Trojan:Win32/Emotet
4743,Trojan:Win32/Emotet
4751,Trojan:Win32/Emotet
4752,Trojan:Win32/Emotet
4757,TrojanDownloader:O97M/Obfuse
4758,Trojan:Win32/Emotet
4760,Trojan:Win32/Fuerboos
4761,Trojan:Win32/Emotet
4787,Trojan:Win32/Emotet
4796,Trojan:HTML/Brocoiner
4806,Trojan:Win32/Emotet
4811,Trojan:Win32/MereTam
4816,Trojan:HTML/Brocoiner
4821,Trojan:Win32/Emotet
4823,Trojan:HTML/Brocoiner
4824,Trojan:Win32/Emotet
4828,Trojan:Win32/Emotet
4830,PWS:Win32/Fareit
4831,Trojan:Win32/Emotet
4837,Trojan:Win32/Emotet
4841,Trojan:Win32/Emotet
4843,Trojan:Win32/Fuerboos
4849,Trojan:Win32/Fuerboos
4850,Trojan:Win32/Emotet
4854,Trojan:Win32/Emotet
4855,VirTool:Win32/VBInject
4872,Trojan:Win32/Emotet
4873,Trojan:Win32/Emotet
4881,Trojan:Win32/Emotet
4882,Trojan:Win32/Occamy
4883,Trojan:Win32/Emotet
4886,Trojan:Win32/Emotet
4887,Trojan:Win32/Sonbokli
4890,TrojanDownloader:O97M/Obfuse
4898,VirTool:Win32/VBInject
4900,Trojan:Win32/Pynamer
4902,Trojan:Win32/Emotet
4910,Trojan:Win32/Emotet
4914,Trojan:Win32/MereTam
4918,VirTool:Win32/VBInject
4929,Trojan:Win32/Emotet
4939,Trojan:Win32/Fuerboos
4940,TrojanDownloader:O97M/Obfuse
4945,Trojan:Win32/Fuerboos
4949,Trojan:Win32/Fuerboos
4951,Trojan:O97M/Obfuse
4953,Trojan:Win32/Emotet
4970,Trojan:Win32/Fuerboos
4981,Trojan:Win32/Emotet
4983,Trojan:Win32/Emotet
4988,Trojan:Win32/Emotet
4990,Trojan:Win32/Fuery
4992,Trojan:Win32/Emotet
4996,TrojanDownloader:O97M/Donoff
4999,Trojan:Win32/Emotet
5013,Trojan:Win32/Emotet
5016,Trojan:Win32/Fuerboos
5018,Trojan:Win32/Fuerboos
5020,Trojan:Win32/Emotet
5021,PWS:Win32/Fareit
5022,Trojan:Win32/Emotet
5024,Trojan:Win32/Emotet
5026,Trojan:Win32/Emotet
5032,Trojan:Win32/MereTam
5034,Trojan:Win32/Emotet
5039,TrojanDownloader:O97M/Obfuse
5052,TrojanDownloader:O97M/Obfuse
5061,TrojanDownloader:O97M/Obfuse
5062,Trojan:Win32/Emotet
5074,Trojan:Win32/Emotet
5080,Trojan:Win32/Emotet
5081,Trojan:Win32/Emotet
5082,Trojan:Win32/Dynamer
5085,Trojan:Win32/Fuery
5088,Trojan:Win32/Fuerboos
5094,Trojan:O97M/Obfuse
5095,Trojan:Win32/Fuerboos
5102,Trojan:Win32/Emotet
5104,Trojan:Win32/Fuerboos
5106,Trojan:Win32/Emotet
5108,Trojan:Win32/Fuerboos
5113,Trojan:Win32/Emotet
5114,PWS:Win32/Fareit
5119,Trojan:Win32/Emotet
5125,Trojan:Win32/Emotet
5129,Trojan:Win32/Emotet
5139,Trojan:Win32/Emotet
5141,Trojan:Win32/Emotet
5147,Trojan:Win32/Emotet
5156,Trojan:Win32/Emotet
5157,Trojan:Win32/Emotet
5168,Trojan:Win32/Emotet
5170,Trojan:Win32/Emotet
5175,Trojan:Win32/Emotet
5179,Trojan:Win32/Fuery
5184,Trojan:Win32/Emotet
5185,Trojan:Win32/Emotet
5190,Trojan:Win32/Emotet
5196,Trojan:Win32/Fuerboos
5209,Trojan:Win32/Emotet
5211,Trojan:Win32/Emotet
5214,VirTool:Win32/VBInject
5216,Trojan:Win32/Emotet
5220,Trojan:Win32/Emotet
5228,Trojan:Win32/Emotet
5233,Trojan:Win32/Emotet
5236,Trojan:Win32/Fuery
5237,Trojan:Win32/Emotet
5241,Trojan:Win32/Fuerboos
5242,Trojan:Win32/Emotet
5243,Trojan:Win32/Fuerboos
5244,Trojan:Win32/Dynamer
5253,Trojan:Win32/Emotet
5255,Trojan:Win32/Emotet
5265,Trojan:O97M/Obfuse
5271,Trojan:Win32/Fuerboos
5274,Trojan:Win32/Emotet
5276,Trojan:Win32/Fuerboos
5277,Trojan:Win32/Emotet
5285,Trojan:Win32/Emotet
5288,Trojan:Win32/MereTam
5289,Trojan:Win32/Emotet
5291,Trojan:Win32/Fuerboos
5314,Trojan:Win32/Sonbokli
5318,Trojan:Win32/Emotet
5322,Trojan:Win32/Emotet
5334,Trojan:Win32/Emotet
5335,Trojan:Win32/Emotet
5338,Trojan:Win32/Emotet
5340,Trojan:Win32/Emotet
5347,Trojan:O97M/Obfuse
5361,Trojan:Win32/Fuerboos
5369,Trojan:Win32/Emotet
5378,Trojan:Win32/Emotet
5380,Trojan:Win32/Emotet
5381,Trojan:HTML/Brocoiner
5383,Trojan:Win32/Occamy
5385,Trojan:Win32/Emotet
5387,Trojan:Win32/Fuerboos
5388,Trojan:Win32/Emotet
5393,Trojan:Win32/Emotet
5395,Trojan:Win32/Fuery
5396,Trojan:Win32/Emotet
5409,PWS:Win32/Fareit
5416,Trojan:Win32/Emotet
5424,Trojan:Win32/Emotet
5425,Trojan:O97M/Obfuse
5435,Trojan:Win32/Emotet
5438,VirTool:Win32/VBInject
5446,Trojan:Win32/Emotet
5455,Trojan:Win32/Emotet
5458,Trojan:Win32/Emotet
5460,Trojan:Win32/Fuerboos
5464,Trojan:Win32/Emotet
5471,Trojan:Win32/Tiggre
5472,Trojan:O97M/Obfuse
5473,Trojan:Win32/Emotet
5474,Trojan:Win32/MereTam
5475,Trojan:O97M/Obfuse
5477,Trojan:Win32/Emotet
5488,Trojan:HTML/Brocoiner
5490,Trojan:Win32/Fuery
5491,Trojan:O97M/Obfuse
5493,Trojan:Win32/Emotet
5506,Trojan:Win32/Emotet
5507,Trojan:Win32/Emotet
5509,Trojan:Win32/Emotet
5514,Trojan:O97M/Obfuse
5518,VirTool:Win32/VBInject
5520,Trojan:Win32/Emotet
5521,Trojan:Win32/Emotet
5523,Trojan:Win32/Dynamer
5530,Trojan:Win32/Emotet
5533,Trojan:Win32/Fuerboos
5536,Trojan:Win32/Emotet
5539,Trojan:Win32/Fuerboos
5547,Trojan:O97M/Obfuse
5553,Trojan:Win32/Fuerboos
5554,Trojan:Win32/Dynamer
5565,Trojan:Win32/Emotet
5568,Trojan:Win32/Emotet
5576,Trojan:HTML/Brocoiner
5577,Trojan:Win32/Emotet
5578,Trojan:Win32/Emotet
5581,Trojan:Win32/Emotet
5594,Trojan:O97M/Obfuse
5600,Trojan:Win32/Emotet
5601,Trojan:Win32/Fuerboos
5602,Trojan:Win32/Emotet
5608,Trojan:Win32/Emotet
5618,Trojan:Win32/Emotet
5619,Trojan:Win32/Emotet
5637,Trojan:Win32/Emotet
5642,Trojan:Win32/Emotet
5646,Trojan:Win32/Emotet
5648,Trojan:Win32/Fuerboos
5649,Trojan:Win32/Emotet
5662,Trojan:Win32/Emotet
5666,Trojan:Win32/Emotet
5669,Trojan:Win32/Fuerboos
5673,Trojan:Win32/Fuerboos
5676,Trojan:Win32/Emotet
5680,Trojan:Win32/Emotet
5682,Trojan:Win32/Emotet
5689,Trojan:Win32/Emotet
5690,Trojan:Win32/Emotet
5696,Trojan:Win32/Fuerboos
5697,Trojan:Win32/Occamy
5698,Trojan:Win32/Emotet
5711,Trojan:Win32/Emotet
5714,Trojan:O97M/Obfuse
5718,TrojanDownloader:O97M/Obfuse
5723,Trojan:Win32/Fuerboos
5725,Trojan:Win32/Emotet
5726,Trojan:Win32/Fuerboos
5727,Trojan:Win32/Emotet
5728,Trojan:Win32/Fuerboos
5729,Trojan:Win32/Emotet
5744,Trojan:Win32/Emotet
5761,Trojan:Win32/Emotet
5764,Trojan:Win32/Emotet
5766,Trojan:Win32/Sonbokli
5772,Trojan:Win32/Fuery
5782,TrojanDownloader:O97M/Obfuse
5783,Trojan:Win32/Emotet
5791,TrojanDownloader:O97M/Obfuse
5793,Trojan:Win32/Emotet
5809,TrojanDownloader:O97M/Obfuse
5811,Trojan:Win32/Emotet
5815,Trojan:Win32/Emotet
5822,VirTool:Win32/VBInject
5829,Trojan:Win32/Fuerboos
5843,Trojan:Win32/Emotet
5845,Trojan:Win32/Emotet
5846,Trojan:Win32/Fuerboos
5856,Trojan:Win32/Emotet
5859,Trojan:Win32/Sonbokli
5860,Trojan:Win32/Emotet
5861,VirTool:Win32/VBInject
5867,Trojan:Win32/Emotet
5873,Trojan:Win32/Fuerboos
5885,Trojan:Win32/Fuerboos
5886,Trojan:Win32/Emotet
5893,Trojan:Win32/Emotet
5899,Trojan:Win32/Emotet
5903,Trojan:Win32/Fuery
5904,Trojan:Win32/Emotet
5912,Trojan:Win32/Emotet
5916,Trojan:Win32/Fuerboos
5917,Trojan:Win32/Fuerboos
5918,Trojan:Win32/Emotet
5924,Trojan:Win32/Emotet
5928,Trojan:Win32/Emotet
5931,Trojan:Win32/Skeeyah
5935,Trojan:Win32/Emotet
5938,Trojan:Win32/Occamy
5939,Trojan:Win32/Emotet
5940,Trojan:Win32/Emotet
5951,Trojan:Win32/Emotet
5958,Trojan:Win32/Fuerboos
5961,Trojan:Win32/Emotet
5964,Trojan:Win32/Emotet
5965,Trojan:Win32/Emotet
5969,Trojan:Win32/Fuerboos
5970,Trojan:Win32/Emotet
5972,Trojan:Win32/Emotet
5982,Trojan:Win32/Emotet
5987,Trojan:Win32/Emotet
5990,Trojan:Win32/Fuerboos
5992,Trojan:HTML/Brocoiner
5993,VirTool:Win32/VBInject
5999,VirTool:Win32/VBInject
6002,TrojanDownloader:O97M/Obfuse
6003,Trojan:Win32/Emotet
6004,Trojan:Win32/Emotet
6005,Trojan:O97M/Obfuse
6006,Trojan:Win32/Emotet
6011,Trojan:Win32/Fuerboos
6012,Trojan:Win32/Emotet
6013,Trojan:O97M/Obfuse
6017,Trojan:Win32/Emotet
6019,Trojan:Win32/Emotet
6022,Trojan:Win32/Emotet
6027,VirTool:Win32/VBInject
6030,Trojan:Win32/Emotet
6036,Trojan:HTML/Brocoiner
6042,TrojanDownloader:O97M/Obfuse
6051,Trojan:Win32/Emotet
6054,Trojan:Win32/Fuerboos
6061,VirTool:Win32/VBInject
6070,Trojan:Win32/Emotet
6071,TrojanDownloader:O97M/Obfuse
6073,Trojan:Win32/Emotet
6074,VirTool:Win32/VBInject
6076,Trojan:Win32/Emotet
6078,Trojan:Win32/Emotet
6088,Trojan:Win32/Lokibot
6091,Trojan:O97M/Obfuse
6097,VirTool:Win32/VBInject
6103,Trojan:Win32/Fuerboos
6106,Trojan:Win32/Emotet
6108,Trojan:Win32/Emotet
6113,Trojan:Win32/Emotet
6116,Trojan:Win32/Fuerboos
6120,Trojan:Win32/Emotet
6125,Trojan:Win32/Emotet
6128,VirTool:Win32/VBInject
6130,Trojan:O97M/Obfuse
6133,Trojan:Win32/Emotet
6134,Trojan:Win32/Fuerboos
6137,TrojanDownloader:O97M/Obfuse
6151,Trojan:Win32/Fuerboos
6155,Trojan:Win32/Emotet
6160,Trojan:Win32/Emotet
6162,Trojan:Win32/Emotet
6175,Trojan:Win32/Emotet
6180,Trojan:Win32/Fuerboos
6187,Trojan:Win32/Emotet
6199,Trojan:Win32/Fuerboos
6201,Trojan:HTML/Brocoiner
6208,VirTool:Win32/VBInject
6213,Trojan:Win32/Fuerboos
6220,VirTool:Win32/VBInject
6231,Trojan:Win32/Fuery
6236,Trojan:Win32/Dynamer
6239,Trojan:Win32/Emotet
6244,Trojan:Win32/Emotet
6248,Trojan:Win32/Dynamer
6252,Trojan:Win32/Fuerboos
6253,Trojan:Win32/Emotet
6265,Trojan:Win32/Emotet
6266,Trojan:Win32/Emotet
6271,Trojan:Win32/Emotet
6272,Trojan:Win32/Fuerboos
6273,Trojan:Win32/Emotet
6281,Trojan:Win32/Emotet
6289,Trojan:Win32/Emotet
6295,Trojan:Win32/Fuerboos
6296,Trojan:Win32/Fuerboos
6301,Trojan:Win32/Sonbokli
6302,Trojan:Win32/Emotet
6314,Trojan:Win32/Emotet
6319,Trojan:Win32/Emotet
6324,Trojan:Win32/Emotet
6335,VirTool:Win32/VBInject
6348,Trojan:Win32/Emotet
6359,Trojan:Win32/Emotet
6362,Trojan:Win32/Fuerboos
6365,Trojan:Win32/Emotet
6375,Trojan:Win32/Emotet
6383,VirTool:Win32/VBInject
6388,Trojan:Win32/Emotet
6398,Trojan:Win32/Emotet
6399,Trojan:Win32/Fuerboos
6401,Trojan:Win32/Emotet
6406,Trojan:Win32/Skeeyah
6415,Trojan:Win32/Fuerboos
6417,Trojan:Win32/Emotet
6421,Trojan:Win32/Emotet
6431,Trojan:Win32/Emotet
6436,VirTool:Win32/VBInject
6438,Trojan:Win32/Fuerboos
6447,VirTool:Win32/VBInject
6456,Trojan:Win32/Emotet
6458,Trojan:Win32/Sonbokli
6473,Trojan:Win32/Emotet
6478,Trojan:Win32/Emotet
6481,Trojan:Win32/Emotet
6485,Trojan:Win32/Fuerboos
6486,Trojan:HTML/Brocoiner
6488,Trojan:Win32/Emotet
6505,Trojan:Win32/Emotet
6518,Trojan:Win32/Emotet
6522,Trojan:Win32/MereTam
6529,Trojan:Win32/Emotet
6532,Trojan:Win32/Fuery
6537,TrojanDownloader:O97M/Donoff
6540,Trojan:Win32/Emotet
6541,Trojan:Win32/Emotet
6546,Trojan:Win32/Fuerboos
6550,Trojan:Win32/Sonbokli
6552,Trojan:Win32/Emotet
6555,Trojan:Win32/Fuerboos
6556,Trojan:HTML/Brocoiner
6560,Trojan:Win32/Fuerboos
6563,TrojanDownloader:O97M/Donoff
6575,Trojan:Win32/Fuerboos
6583,Trojan:Win32/Emotet
6584,Trojan:Win32/Emotet
6592,Trojan:Win32/Emotet
6594,Trojan:Win32/Emotet
6603,Trojan:Win32/Emotet
6607,Trojan:Win32/Emotet
6611,Trojan:Win32/Fuerboos
6614,Trojan:Win32/Fuerboos
6619,Trojan:Win32/Fuerboos
6620,Trojan:Win32/Emotet
6628,Trojan:Win32/Emotet
6637,Trojan:Win32/Fuerboos
6640,Trojan:Win32/Emotet
6641,Trojan:Win32/Emotet
6643,Trojan:Win32/Fuerboos
6646,Trojan:Win32/Emotet
6647,Trojan:Win32/Emotet
6648,Trojan:Win32/Emotet
6651,Trojan:Win32/Skeeyah
6653,Trojan:Win32/Emotet
6658,Trojan:Win32/Fuerboos
6660,Trojan:Win32/Fuerboos
6663,Trojan:Win32/Fuerboos
6667,Trojan:Win32/Occamy
6670,Trojan:Win32/Emotet
6671,Trojan:Win32/Emotet
6694,Trojan:Win32/Emotet
6699,Trojan:Win32/Emotet
6706,Trojan:Win32/Lokibot
6708,Trojan:Win32/Emotet
6711,Trojan:Win32/Lokibot
6721,Trojan:Win32/Fuerboos
6726,Trojan:Win32/Fuerboos
6734,Trojan:O97M/Obfuse
6736,Trojan:Win32/Emotet
6741,Trojan:O97M/Obfuse
6743,Trojan:Win32/Emotet
6746,Trojan:Win32/Emotet
6752,Trojan:Win32/Emotet
6755,Trojan:Win32/Emotet
6762,Trojan:Win32/Emotet
6763,Trojan:Win32/Emotet
6768,Trojan:Win32/Sonbokli
6776,Trojan:Win32/Emotet
6786,Trojan:Win32/Emotet
6793,Trojan:Win32/Fuerboos
6802,Trojan:Win32/Emotet
6803,Trojan:Win32/Emotet
6805,VirTool:Win32/VBInject
6807,Trojan:Win32/Emotet
6808,Trojan:Win32/Emotet
6810,Trojan:Win32/Emotet
6813,Trojan:HTML/Brocoiner
6814,Trojan:Win32/Emotet
6816,Trojan:HTML/Brocoiner
6822,VirTool:Win32/VBInject
6831,Trojan:Win32/Emotet
6832,Trojan:Win32/Emotet
6843,Trojan:Win32/Emotet
6846,Trojan:Win32/Emotet
6853,Trojan:Win32/Fuerboos
6858,Trojan:Win32/Emotet
6867,Trojan:Win32/Emotet
6868,TrojanDownloader:O97M/Obfuse
6877,Trojan:Win32/Emotet
6878,Trojan:Win32/Emotet
6881,Trojan:HTML/Brocoiner
6894,Trojan:Win32/Emotet
6895,Trojan:Win32/Emotet
6896,VirTool:Win32/VBInject
6913,Trojan:Win32/Lokibot
6920,Trojan:Win32/Sonbokli
6929,Trojan:Win32/Emotet
6935,Trojan:HTML/Brocoiner
6940,Trojan:Win32/Emotet
6943,Trojan:Win32/Fuerboos
6944,Trojan:Win32/Emotet
6947,Trojan:Win32/Emotet
6951,Trojan:Win32/Emotet
6957,Trojan:Win32/Emotet
6965,Trojan:Win32/Emotet
6974,VirTool:Win32/VBInject
6975,Trojan:Win32/Emotet
6982,Trojan:Win32/Emotet
6983,Trojan:Win32/Emotet
6991,Trojan:Win32/Fuerboos
6993,Trojan:Win32/Emotet
6997,Trojan:Win32/Emotet
7009,Trojan:Win32/Emotet
7010,Trojan:Win32/Emotet
7015,Trojan:Win32/Emotet
7019,PWS:Win32/Fareit
7029,Trojan:Win32/Fuerboos
7034,Trojan:O97M/Obfuse
7035,Trojan:Win32/Emotet
7037,Trojan:Win32/Fuerboos
7042,Trojan:Win32/Emotet
7043,Trojan:Win32/Occamy
7045,TrojanDownloader:O97M/Obfuse
7048,Trojan:Win32/Emotet
7049,Trojan:Win32/Fuerboos
7056,Trojan:Win32/Fuerboos
7058,Trojan:Win32/Emotet
7061,Trojan:Win32/Emotet
7065,Trojan:Win32/Emotet
7076,Trojan:Win32/Fuerboos
7081,Trojan:Win32/Lokibot
7082,Trojan:Win32/Emotet
7084,Trojan:Win32/Fuerboos
7089,Trojan:Win32/Emotet
7094,Trojan:Win32/Fuerboos
7102,Trojan:Win32/Occamy
7105,Trojan:Win32/Fuerboos
7110,Trojan:Win32/Emotet
7111,Trojan:Win32/Emotet
7112,Trojan:Win32/Fuerboos
7116,VirTool:Win32/VBInject
7129,Trojan:Win32/Emotet
7132,Trojan:Win32/Emotet
7136,Trojan:HTML/Brocoiner
7137,Trojan:Win32/Emotet
7147,Trojan:Win32/Emotet
7149,Trojan:Win32/Fuerboos
7152,Trojan:Win32/Emotet
7157,Trojan:Win32/Emotet
7158,TrojanDownloader:O97M/Obfuse
7162,Trojan:Win32/Emotet
7164,Trojan:Win32/Emotet
7171,Trojan:Win32/Fuery
7172,Trojan:Win32/Emotet
7176,Trojan:Win32/Emotet
7177,Trojan:Win32/Fuerboos
7179,TrojanDownloader:O97M/Obfuse
7182,Trojan:Win32/Emotet
7185,Trojan:Win32/Emotet
7191,Trojan:Win32/Emotet
7193,Trojan:Win32/Emotet
7195,Trojan:Win32/Emotet
7196,Trojan:Win32/Emotet
7200,TrojanDownloader:O97M/Obfuse
7201,Trojan:Win32/Fuerboos
7202,Trojan:Win32/Emotet
7213,Trojan:Win32/Emotet
7221,Trojan:Win32/Sonbokli
7232,Trojan:Win32/Emotet
7248,Trojan:Win32/Emotet
7250,Trojan:Win32/Emotet
7254,TrojanDownloader:O97M/Obfuse
7256,Trojan:Win32/Emotet
7268,Trojan:Win32/Fuerboos
7269,Trojan:Win32/Fuerboos
7290,Trojan:Win32/Emotet
7294,Trojan:Win32/Skeeyah
7328,TrojanDownloader:O97M/Obfuse
7333,Trojan:Win32/Emotet
7334,Trojan:Win32/Emotet
7340,Trojan:Win32/Fuerboos
7347,Trojan:Win32/Emotet
7354,Trojan:Win32/Sonbokli
7356,Trojan:Win32/Emotet
7362,TrojanDownloader:O97M/Obfuse
7363,Trojan:Win32/Fuerboos
7369,PWS:Win32/Fareit
7370,TrojanDownloader:O97M/Obfuse
7371,Trojan:Win32/Emotet
7387,Trojan:Win32/Fuerboos
7388,Trojan:Win32/Emotet
7391,Trojan:Win32/Emotet
7395,Trojan:Win32/Emotet
7399,Trojan:Win32/Emotet
7400,Trojan:Win32/Emotet
7406,Trojan:Win32/Fuerboos
7414,Trojan:Win32/Fuerboos
7425,Trojan:Win32/Emotet
7427,Trojan:Win32/Fuery
7430,VirTool:Win32/VBInject
7431,Trojan:Win32/Emotet
7432,Trojan:Win32/Emotet
7437,TrojanDownloader:O97M/Donoff
7439,Trojan:Win32/Emotet
7440,Trojan:Win32/Fuerboos
7463,Trojan:Win32/Fuerboos
7468,Trojan:Win32/Emotet
7475,Trojan:Win32/Emotet
7482,VirTool:Win32/VBInject
7488,Trojan:Win32/Emotet
7492,VirTool:Win32/VBInject
7514,Trojan:Win32/Skeeyah
7520,Trojan:Win32/Emotet
7521,VirTool:Win32/VBInject
7522,Trojan:Win32/Fuerboos
7530,Trojan:Win32/Emotet
7534,Trojan:Win32/Emotet
7537,TrojanDownloader:O97M/Obfuse
7539,Trojan:Win32/Emotet
7543,Trojan:Win32/Emotet
7544,Trojan:Win32/Emotet
7545,TrojanDownloader:O97M/Obfuse
7549,Trojan:Win32/Emotet
7552,Trojan:Win32/Emotet
7557,Trojan:Win32/Emotet
7560,Trojan:Win32/Emotet
7565,Trojan:Win32/Emotet
7566,Trojan:Win32/Emotet
7572,Trojan:Win32/Fuerboos
7573,Trojan:Win32/Fuerboos
7574,Trojan:Win32/Fuerboos
7582,Trojan:Win32/Emotet
7584,TrojanDownloader:O97M/Donoff
7591,Trojan:HTML/Brocoiner
7592,Trojan:Win32/Emotet
7597,Trojan:Win32/Emotet
7602,PWS:Win32/Fareit
7608,Trojan:Win32/Emotet
7613,Trojan:Win32/Emotet
7616,Trojan:Win32/Emotet
7626,Trojan:Win32/Emotet
7628,Trojan:Win32/Fuerboos
7632,Trojan:Win32/Emotet
7636,Trojan:Win32/Emotet
7640,Trojan:Win32/Sonbokli
7644,Trojan:Win32/Fuerboos
7646,Trojan:Win32/Emotet
7650,Trojan:Win32/Emotet
7653,Trojan:Win32/Emotet
7672,Trojan:Win32/Emotet
7676,Trojan:Win32/Emotet
7679,Trojan:O97M/Obfuse
7684,Trojan:Win32/Emotet
7692,Trojan:Win32/Emotet
7702,Trojan:Win32/Occamy
7705,Trojan:Win32/Emotet
7711,Trojan:Win32/Fuerboos
7713,Trojan:HTML/Brocoiner
7715,TrojanDownloader:O97M/Obfuse
7736,Trojan:Win32/Emotet
7744,Trojan:Win32/Emotet
7764,Trojan:Win32/Fuerboos
7771,Trojan:Win32/Emotet
7774,Trojan:Win32/Emotet
7782,Trojan:Win32/Sonbokli
7789,Trojan:Win32/Sonbokli
7790,Trojan:Win32/Emotet
7798,Trojan:Win32/Emotet
7799,Trojan:Win32/Fuerboos
7803,Trojan:Win32/Emotet
7811,VirTool:Win32/VBInject
7817,Trojan:Win32/Emotet
7825,Trojan:Win32/Fuerboos
7831,Trojan:Win32/Emotet
7837,Trojan:Win32/Emotet
7856,Trojan:Win32/Fuerboos
7857,Trojan:Win32/Fuerboos
7859,Trojan:Win32/Emotet
7870,Trojan:Win32/Sonbokli
7890,Trojan:Win32/Dynamer
7897,Trojan:Win32/Emotet
7899,Trojan:Win32/Fuerboos
7900,TrojanDownloader:O97M/Obfuse
7916,Trojan:Win32/Emotet
7917,Trojan:Win32/Fuerboos
7919,Trojan:Win32/Emotet
7920,Trojan:Win32/Emotet
7922,Trojan:Win32/Emotet
7927,Trojan:Win32/Emotet
7934,Trojan:Win32/Emotet
7935,Trojan:Win32/Fuerboos
7936,Trojan:Win32/Emotet
7938,Trojan:Win32/Emotet
7939,Trojan:Win32/Occamy
7954,Trojan:Win32/Emotet
7956,Trojan:Win32/Emotet
7957,Trojan:Win32/Emotet
7966,Trojan:Win32/Fuerboos
7970,Trojan:Win32/Fuery
7972,VirTool:Win32/VBInject
7975,Trojan:Win32/Fuerboos
7977,Trojan:Win32/Emotet
7979,TrojanDownloader:O97M/Obfuse
7988,Trojan:Win32/Emotet
8004,Trojan:Win32/Emotet
8005,Trojan:Win32/MereTam
8008,Trojan:Win32/Dynamer
8012,Trojan:Win32/Dynamer
8021,Trojan:Win32/Fuerboos
8022,Trojan:HTML/Brocoiner
8027,Trojan:Win32/Emotet
8029,Trojan:Win32/Fuerboos
8033,TrojanDownloader:O97M/Obfuse
8052,Trojan:Win32/Tiggre
8060,Trojan:Win32/Emotet
8061,Trojan:Win32/Emotet
8065,TrojanDownloader:O97M/Donoff
8067,Trojan:Win32/Emotet
8068,Trojan:Win32/Emotet
8070,Trojan:Win32/Emotet
8088,VirTool:Win32/VBInject
8090,Trojan:Win32/Emotet
8091,Trojan:Win32/Emotet
8092,Trojan:Win32/Emotet
8094,Trojan:Win32/Emotet
8100,Trojan:Win32/Emotet
8113,Trojan:Win32/Emotet
8120,Trojan:Win32/Emotet
8126,Trojan:Win32/Fuerboos
8136,Trojan:Win32/Emotet
8140,Trojan:Win32/Emotet
8141,Trojan:Win32/Emotet
8143,Trojan:Win32/Emotet
8150,Trojan:Win32/Lokibot
8159,Trojan:Win32/Emotet
8160,Trojan:Win32/Occamy
8161,VirTool:Win32/VBInject
8162,Trojan:Win32/Occamy
8163,PWS:Win32/Fareit
8178,Trojan:Win32/Emotet
8182,Trojan:Win32/Emotet
8186,Trojan:Win32/MereTam
8188,Trojan:O97M/Obfuse
8199,Trojan:Win32/Fuerboos
8202,Trojan:Win32/Fuerboos
8208,Trojan:Win32/Emotet
8217,Trojan:Win32/Emotet
8218,Trojan:Win32/Emotet
8223,Trojan:Win32/Emotet
8225,Trojan:Win32/Emotet
8226,Trojan:Win32/Fuerboos
8233,Trojan:Win32/Emotet
8237,Trojan:Win32/Emotet
8238,Trojan:Win32/Emotet
8247,Trojan:Win32/Fuerboos
8253,Trojan:Win32/Emotet
8256,Trojan:Win32/Sonbokli
8263,Trojan:Win32/Fuerboos
8264,Trojan:Win32/Emotet
8275,Trojan:Win32/Emotet
8276,Trojan:Win32/Emotet
8277,Trojan:Win32/Emotet
8283,Trojan:Win32/Emotet
8289,Trojan:Win32/Fuerboos
8300,Trojan:Win32/Lokibot
8301,Trojan:Win32/Emotet
8309,Trojan:Win32/Emotet
8313,PWS:Win32/Fareit
8318,Trojan:Win32/Emotet
8319,Trojan:Win32/Emotet
8321,Trojan:Win32/Emotet
8322,Trojan:Win32/Fuerboos
8343,Trojan:Win32/Emotet
8352,Trojan:Win32/Emotet
8357,PWS:Win32/Fareit
8363,Trojan:Win32/Emotet
8374,TrojanDownloader:O97M/Donoff
8376,Trojan:Win32/Emotet
8379,Trojan:Win32/MereTam
8391,Trojan:Win32/Emotet
8392,Trojan:Win32/Emotet
8393,PWS:Win32/Fareit
8395,Trojan:Win32/Emotet
8404,VirTool:Win32/VBInject
8411,Trojan:Win32/Emotet
8417,Trojan:Win32/Emotet
8422,Trojan:Win32/Emotet
8433,Trojan:Win32/Fuerboos
8441,Trojan:Win32/Emotet
8445,Trojan:Win32/Occamy
8448,Trojan:Win32/Emotet
8451,Trojan:Win32/Emotet
8454,TrojanDownloader:O97M/Obfuse
8455,VirTool:Win32/VBInject
8458,Trojan:Win32/MereTam
8467,Trojan:Win32/Emotet
8470,Trojan:Win32/Emotet
8477,Trojan:Win32/Fuerboos
8481,VirTool:Win32/VBInject
8483,Trojan:Win32/Skeeyah
8484,Trojan:Win32/Emotet
8486,Trojan:Win32/Emotet
8491,VirTool:Win32/VBInject
8499,Trojan:Win32/Emotet
8504,TrojanDownloader:O97M/Obfuse
8509,Trojan:Win32/Sonbokli
8510,Trojan:Win32/Emotet
8512,Trojan:Win32/Emotet
8513,Trojan:Win32/Emotet
8534,Trojan:Win32/Emotet
8538,Trojan:Win32/Occamy
8539,VirTool:Win32/VBInject
8548,VirTool:Win32/VBInject
8549,Trojan:Win32/Sonbokli
8553,Trojan:Win32/Fuerboos
8555,Trojan:Win32/Fuerboos
8559,Trojan:Win32/Skeeyah
8573,Trojan:Win32/Emotet
8577,VirTool:Win32/VBInject
8580,Trojan:Win32/Fuerboos
8581,Trojan:Win32/Emotet
8584,PWS:Win32/Fareit
8586,Trojan:Win32/Emotet
8588,Trojan:Win32/Emotet
8595,Trojan:Win32/Emotet
8596,Trojan:Win32/Emotet
8597,VirTool:Win32/VBInject
8603,Trojan:Win32/Sonbokli
8606,Trojan:Win32/Fuerboos
8609,Trojan:Win32/Lokibot
8615,Trojan:Win32/Emotet
8618,Trojan:O97M/Obfuse
8641,VirTool:Win32/VBInject
8645,Trojan:Win32/Emotet
8649,Trojan:O97M/Obfuse
8653,Trojan:Win32/Emotet
8654,Trojan:Win32/Emotet
8659,Trojan:Win32/Fuerboos
8668,Trojan:Win32/Fuerboos
8675,Trojan:Win32/Fuery
8677,Trojan:Win32/Emotet
8682,Trojan:Win32/Emotet
8684,TrojanDownloader:O97M/Obfuse
8690,Trojan:O97M/Obfuse
8698,VirTool:Win32/VBInject
8700,Trojan:Win32/MereTam
8701,Trojan:Win32/Emotet
8706,Trojan:Win32/Emotet
8712,Trojan:Win32/Emotet
8714,Trojan:Win32/Emotet
8715,Trojan:Win32/Emotet
8724,Trojan:O97M/Obfuse
8755,Trojan:Win32/Emotet
8758,Trojan:Win32/Emotet
8760,Trojan:Win32/Emotet
8762,Trojan:Win32/Emotet
8777,Trojan:Win32/Emotet
8782,Trojan:HTML/Brocoiner
8785,Trojan:Win32/Emotet
8797,Trojan:HTML/Brocoiner
8798,Trojan:Win32/Emotet
8800,Trojan:Win32/Emotet
8806,PWS:Win32/Fareit
8813,Trojan:Win32/Emotet
8814,Trojan:Win32/Emotet
8833,Trojan:Win32/Emotet
8857,Trojan:Win32/Emotet
8858,Trojan:Win32/Emotet
8862,Trojan:Win32/Emotet
8871,Trojan:Win32/Emotet
8872,TrojanDownloader:O97M/Obfuse
8881,Trojan:Win32/Emotet
8884,Trojan:Win32/Emotet
8893,Trojan:Win32/Emotet
8895,Trojan:Win32/Emotet
8896,Trojan:HTML/Brocoiner
8903,Trojan:Win32/Emotet
8915,Trojan:Win32/Emotet
8916,Trojan:Win32/Emotet
8923,Trojan:Win32/Emotet
8925,Trojan:Win32/Fuerboos
8926,Trojan:Win32/Emotet
8932,Trojan:Win32/Emotet
8934,Trojan:Win32/MereTam
8935,Trojan:Win32/Emotet
8936,TrojanDownloader:O97M/Obfuse
8937,Trojan:Win32/Emotet
8939,Trojan:Win32/Fuerboos
8957,VirTool:Win32/VBInject
8962,Trojan:Win32/Fuerboos
8963,Trojan:Win32/Lokibot
8964,VirTool:Win32/VBInject
8976,VirTool:Win32/VBInject
8987,Trojan:Win32/Fuerboos
8996,Trojan:Win32/Emotet
9012,Trojan:Win32/Sonbokli
9033,VirTool:Win32/VBInject
9034,Trojan:Win32/Fuerboos
9035,Trojan:Win32/Emotet
9040,Trojan:Win32/Emotet
9041,Trojan:Win32/Emotet
9043,Trojan:Win32/Fuerboos
9048,Trojan:Win32/Emotet
9049,Trojan:Win32/Fuerboos
9056,Trojan:Win32/Fuerboos
9057,Trojan:Win32/Fuerboos
9062,Trojan:Win32/Emotet
9064,Trojan:Win32/Sonbokli
9084,Trojan:Win32/Emotet
9092,Trojan:Win32/Emotet
9101,Trojan:Win32/Emotet
9103,Trojan:Win32/Fuerboos
9112,Trojan:HTML/Brocoiner
9113,Trojan:O97M/Obfuse
9120,Trojan:Win32/Emotet
9124,Trojan:Win32/Emotet
9130,Trojan:Win32/Fuerboos
9132,Trojan:Win32/Emotet
9133,Trojan:Win32/Sonbokli
9137,Trojan:Win32/Emotet
9150,Trojan:Win32/Fuerboos
9155,Trojan:O97M/Obfuse
9161,Trojan:Win32/MereTam
9164,VirTool:Win32/VBInject
9166,Trojan:Win32/Fuerboos
9178,Trojan:Win32/Emotet
9182,Trojan:Win32/Emotet
9187,Trojan:Win32/Emotet
9193,PWS:Win32/Fareit
9194,Trojan:Win32/Emotet
9200,Trojan:O97M/Obfuse
9208,Trojan:Win32/Fuery
9211,Trojan:Win32/Occamy
9226,Trojan:HTML/Brocoiner
9232,Trojan:Win32/Emotet
9233,Trojan:Win32/Emotet
9235,Trojan:O97M/Obfuse
9253,TrojanDownloader:O97M/Obfuse
9262,Trojan:O97M/Obfuse
9263,Trojan:Win32/Emotet
9266,Trojan:Win32/Emotet
9267,Trojan:Win32/Emotet
9277,Trojan:Win32/Emotet
9285,Trojan:Win32/Emotet
9288,Trojan:HTML/Brocoiner
9289,Trojan:Win32/Emotet
9292,VirTool:Win32/VBInject
9303,Trojan:Win32/Lokibot
9316,Trojan:Win32/Fuerboos
9317,Trojan:Win32/Fuerboos
9319,Trojan:Win32/Fuerboos
9326,Trojan:Win32/Emotet
9330,Trojan:Win32/Emotet
9332,Trojan:HTML/Brocoiner
9334,TrojanDownloader:O97M/Obfuse
9336,Trojan:Win32/Fuerboos
9339,Trojan:Win32/Sonbokli
9344,Trojan:O97M/Obfuse
9354,Trojan:Win32/MereTam
9355,Trojan:Win32/Emotet
9358,VirTool:Win32/VBInject
9366,Trojan:Win32/Occamy
9377,TrojanDownloader:O97M/Obfuse
9397,Trojan:HTML/Brocoiner
9398,Trojan:Win32/Emotet
9404,Trojan:Win32/Emotet
9409,Trojan:Win32/MereTam
9414,Trojan:Win32/Fuerboos
9415,Trojan:Win32/Emotet
9420,Trojan:Win32/Fuerboos
9432,Trojan:Win32/Emotet
9441,Trojan:Win32/Emotet
9442,VirTool:Win32/VBInject
9443,Trojan:Win32/Sonbokli
9445,Trojan:Win32/Emotet
9446,Trojan:Win32/Emotet
9449,VirTool:Win32/VBInject
9461,PWS:Win32/Fareit
9463,Trojan:Win32/Sonbokli
9466,TrojanDownloader:O97M/Obfuse
9467,Trojan:O97M/Obfuse
9469,Trojan:Win32/Emotet
9472,Trojan:Win32/Fuery
9476,Trojan:Win32/Fuerboos
9493,Trojan:Win32/Emotet
9494,Trojan:Win32/Fuery
9496,Trojan:Win32/Emotet
9499,Trojan:Win32/Emotet
9500,Trojan:Win32/Emotet
9502,Trojan:Win32/Emotet
9505,Trojan:Win32/Emotet
9506,Trojan:Win32/Emotet
9508,Trojan:Win32/Emotet
9513,Trojan:Win32/Sonbokli
9523,Trojan:Win32/Fuerboos
9530,Trojan:Win32/Fuerboos
9541,TrojanDownloader:O97M/Obfuse
9544,Trojan:Win32/MereTam
9547,Trojan:Win32/Emotet
9552,Trojan:Win32/Emotet
9558,Trojan:Win32/Emotet
9563,Trojan:Win32/Emotet
9569,Trojan:Win32/Lokibot
9583,TrojanDownloader:O97M/Obfuse
9584,Trojan:Win32/Emotet
9589,VirTool:Win32/VBInject
9599,Trojan:Win32/Emotet
9602,Trojan:Win32/Emotet
9606,Trojan:HTML/Brocoiner
9607,Trojan:Win32/Emotet
9611,Trojan:Win32/Emotet
9616,VirTool:Win32/VBInject
9618,Trojan:Win32/Emotet
9624,Trojan:Win32/Emotet
9633,Trojan:Win32/Emotet
9639,Trojan:Win32/Emotet
9640,Trojan:Win32/Emotet
9641,Trojan:Win32/Emotet
9644,Trojan:Win32/Emotet
9648,Trojan:Win32/Emotet
9657,Trojan:Win32/Emotet
9658,Trojan:Win32/Emotet
9664,VirTool:Win32/VBInject
9669,Trojan:Win32/Emotet
9671,Trojan:Win32/Emotet
9674,Trojan:Win32/Emotet
9676,Trojan:Win32/Emotet
9682,Trojan:Win32/Emotet
9684,Trojan:Win32/Emotet
9699,PWS:Win32/Fareit
9702,Trojan:Win32/Emotet
9703,Trojan:Win32/Emotet
9711,Trojan:Win32/Fuerboos
9713,Trojan:O97M/Obfuse
9715,Trojan:Win32/Emotet
9717,VirTool:Win32/VBInject
9719,PWS:Win32/Fareit
9724,Trojan:O97M/Obfuse
9735,Trojan:Win32/Emotet
9737,Trojan:Win32/Emotet
9740,Trojan:Win32/Fuerboos
9741,Trojan:Win32/Emotet
9742,VirTool:Win32/VBInject
9748,Trojan:Win32/Emotet
9749,Trojan:Win32/Lokibot
9755,VirTool:Win32/VBInject
9756,Trojan:Win32/Emotet
9763,TrojanDownloader:O97M/Obfuse
9771,Trojan:Win32/Emotet
9785,VirTool:Win32/VBInject
9791,Trojan:Win32/Emotet
9802,Trojan:Win32/Emotet
9804,Trojan:Win32/Emotet
9808,VirTool:Win32/VBInject
9813,Trojan:Win32/Emotet
9814,Trojan:Win32/Emotet
9822,Trojan:Win32/Fuerboos
9836,Trojan:HTML/Brocoiner
9837,Trojan:Win32/Emotet
9840,Trojan:Win32/Emotet
9841,Trojan:HTML/Brocoiner
9847,Trojan:Win32/Emotet
9852,Trojan:Win32/Emotet
9855,Trojan:Win32/Emotet
9867,TrojanDownloader:O97M/Obfuse
9872,Trojan:Win32/Emotet
9873,VirTool:Win32/VBInject
9875,Trojan:Win32/Emotet
9882,Trojan:Win32/Emotet
9887,TrojanDownloader:O97M/Obfuse
9888,TrojanDownloader:O97M/Donoff
9890,Trojan:Win32/Fuerboos
9897,Trojan:Win32/Emotet
9900,Trojan:Win32/Emotet
9901,Trojan:Win32/Emotet
9905,Trojan:Win32/Emotet
9918,Trojan:Win32/Sonbokli
9924,Trojan:Win32/Emotet
9931,Trojan:Win32/Emotet
9947,Trojan:HTML/Brocoiner
9951,Trojan:Win32/Emotet
9953,TrojanDownloader:O97M/Obfuse
9958,Trojan:Win32/Emotet
9974,Trojan:Win32/Emotet
9976,Trojan:Win32/Emotet
9985,Trojan:Win32/Emotet
9987,Trojan:Win32/Fuerboos
9989,Trojan:Win32/Emotet
9995,Trojan:Win32/Fuerboos
9998,Trojan:Win32/Fuerboos
10001,Trojan:Win32/Emotet
10008,TrojanDownloader:O97M/Donoff
10010,TrojanDownloader:O97M/Obfuse
10019,Trojan:Win32/Emotet
10021,Trojan:Win32/Emotet
10022,Trojan:Win32/Emotet
10027,TrojanDownloader:O97M/Obfuse
10034,VirTool:Win32/VBInject
10036,Trojan:Win32/Emotet
10040,Trojan:Win32/Emotet
10043,Trojan:Win32/MereTam
10050,Trojan:O97M/Obfuse
10052,TrojanDownloader:O97M/Obfuse
10058,Trojan:Win32/Emotet
10061,Trojan:Win32/Emotet
10062,Trojan:Win32/Emotet
10068,Trojan:Win32/Emotet
10069,Trojan:Win32/Emotet
10074,Trojan:Win32/Fuerboos
10081,Trojan:Win32/Emotet
10086,Trojan:Win32/Emotet
10099,Trojan:Win32/Emotet
10105,Trojan:Win32/Lokibot
10107,Trojan:Win32/Emotet
10110,Trojan:Win32/Emotet
10111,Trojan:Win32/Occamy
10119,Trojan:Win32/Emotet
10120,TrojanDownloader:O97M/Obfuse
10125,Trojan:Win32/Emotet
10127,Trojan:O97M/Obfuse
10131,Trojan:Win32/Emotet
10132,Trojan:Win32/Emotet
10133,Trojan:Win32/Fuerboos
10135,Trojan:Win32/Emotet
10142,TrojanDownloader:O97M/Obfuse
10145,Trojan:Win32/Occamy
10149,Trojan:Win32/Emotet
10150,VirTool:Win32/VBInject
10151,VirTool:Win32/VBInject
10157,Trojan:Win32/Emotet
10159,Trojan:Win32/Fuerboos
10168,Trojan:Win32/Emotet
10170,Trojan:Win32/Fuerboos
10172,Trojan:Win32/Fuerboos
10175,Trojan:Win32/MereTam
10182,Trojan:HTML/Brocoiner
10187,Trojan:Win32/Emotet
10188,Trojan:Win32/Fuerboos
10189,VirTool:Win32/VBInject
10203,Trojan:Win32/Emotet
10213,Trojan:Win32/Fuerboos
10214,VirTool:Win32/VBInject
10215,Trojan:Win32/Emotet
10222,PWS:Win32/Fareit
10226,TrojanDownloader:O97M/Donoff
10227,Trojan:Win32/Emotet
10236,Trojan:Win32/Fuerboos
10247,VirTool:Win32/VBInject
10269,Trojan:Win32/Emotet
10276,Trojan:Win32/Emotet
10277,Trojan:Win32/Emotet
10279,Trojan:Win32/Fuerboos
10286,Trojan:Win32/Emotet
10291,Trojan:Win32/Fuerboos
10298,Trojan:HTML/Brocoiner
10300,Trojan:Win32/Emotet
10305,VirTool:Win32/VBInject
10309,Trojan:Win32/Emotet
10319,Trojan:Win32/Emotet
10322,Trojan:Win32/Emotet
10323,Trojan:Win32/Fuerboos
10326,Trojan:Win32/Emotet
10328,Trojan:Win32/Sonbokli
10333,Trojan:Win32/Occamy
10339,Trojan:Win32/Fuerboos
10343,Trojan:Win32/Emotet
10350,Trojan:Win32/Emotet
10351,Trojan:Win32/Emotet
10357,Trojan:Win32/Emotet
10359,VirTool:Win32/VBInject
10360,VirTool:Win32/VBInject
10361,Trojan:Win32/Emotet
10373,Trojan:Win32/Fuerboos
10377,Trojan:Win32/Emotet
10386,Trojan:Win32/Emotet
10395,Trojan:Win32/Emotet
10396,Trojan:Win32/Emotet
10399,Trojan:Win32/Emotet
10402,Trojan:Win32/Fuerboos
10407,Trojan:Win32/Emotet
10412,Trojan:Win32/Emotet
10417,Trojan:Win32/Fuerboos
10419,Trojan:Win32/Emotet
10420,Trojan:Win32/Occamy
10434,Trojan:Win32/Fuerboos
10444,Trojan:Win32/Fuerboos
10445,VirTool:Win32/VBInject
10453,Trojan:Win32/Occamy
10463,Trojan:Win32/Emotet
10465,Trojan:Win32/Emotet
10466,Trojan:Win32/Emotet
10467,Trojan:Win32/Emotet
10472,Trojan:Win32/Fuerboos
10478,Trojan:Win32/Emotet
10484,Trojan:Win32/Emotet
10488,Trojan:Win32/Emotet
10489,Trojan:Win32/Fuerboos
10490,Trojan:Win32/Emotet
10493,Trojan:Win32/Emotet
10495,Trojan:Win32/Emotet
10504,Trojan:HTML/Brocoiner
10506,Trojan:Win32/Fuerboos
10514,Trojan:O97M/Obfuse
10517,Trojan:Win32/Emotet
10520,Trojan:Win32/Fuerboos
10524,Trojan:Win32/Emotet
10525,Trojan:Win32/Emotet
10527,Trojan:Win32/Fuerboos
10531,Trojan:Win32/Emotet
10533,VirTool:Win32/VBInject
10537,Trojan:Win32/Emotet
10538,Trojan:Win32/Sonbokli
10539,Trojan:Win32/Fuerboos
10549,Trojan:Win32/Fuerboos
10563,Trojan:Win32/Emotet
10575,Trojan:Win32/Emotet
10576,Trojan:Win32/Emotet
10577,Trojan:Win32/Emotet
10579,Trojan:Win32/Emotet
10585,Trojan:Win32/Emotet
10593,Trojan:Win32/Emotet
10595,Trojan:Win32/Emotet
10614,Trojan:Win32/Emotet
10619,Trojan:Win32/Fuerboos
10624,Trojan:Win32/Fuerboos
10627,Trojan:Win32/Emotet
10633,VirTool:Win32/VBInject
10648,Trojan:Win32/Occamy
10659,Trojan:Win32/Emotet
10667,Trojan:Win32/Emotet
10671,Trojan:Win32/Lokibot
10673,Trojan:Win32/Emotet
10674,VirTool:Win32/VBInject
10678,PWS:Win32/Fareit
10681,TrojanDownloader:O97M/Obfuse
10682,VirTool:Win32/VBInject
10684,Trojan:Win32/Emotet
10691,Trojan:Win32/Sonbokli
10700,Trojan:Win32/Azden
10702,Trojan:Win32/Emotet
10709,Trojan:Win32/Emotet
10713,Trojan:Win32/Emotet
10716,Trojan:Win32/Fuerboos
10717,Trojan:Win32/Emotet
10718,Trojan:Win32/Emotet
10722,Trojan:Win32/Emotet
10729,Trojan:Win32/Fuery
10733,TrojanDownloader:O97M/Obfuse
10735,Trojan:HTML/Brocoiner
10739,TrojanDownloader:O97M/Obfuse
10740,Trojan:Win32/Sonbokli
10764,Trojan:Win32/Emotet
10767,Trojan:Win32/Fuerboos
10775,Trojan:Win32/Fuerboos
10785,Trojan:Win32/Emotet
10791,Trojan:Win32/Emotet
10798,Trojan:Win32/Emotet
10800,Trojan:Win32/Emotet
10805,Trojan:HTML/Brocoiner
10811,Trojan:Win32/Emotet
10812,VirTool:Win32/VBInject
10813,Trojan:Win32/Emotet
10838,Trojan:Win32/Emotet
10844,Trojan:Win32/Emotet
10860,Trojan:Win32/Fuerboos
10868,Trojan:Win32/Fuerboos
10869,Trojan:Win32/Sonbokli
10871,Trojan:Win32/Fuerboos
10875,Trojan:Win32/Sonbokli
10882,Trojan:HTML/Brocoiner
10888,Trojan:Win32/Fuerboos
10896,Trojan:Win32/MereTam
10898,Trojan:Win32/Fuerboos
10901,Trojan:Win32/Emotet
10902,Trojan:Win32/Sonbokli
10906,Trojan:Win32/Emotet
10907,Trojan:O97M/Obfuse
10911,TrojanDownloader:O97M/Obfuse
10925,Trojan:Win32/Emotet
10937,Trojan:Win32/Fuerboos
10943,Trojan:Win32/Emotet
10944,Trojan:O97M/Obfuse
10950,VirTool:Win32/VBInject
10961,Trojan:Win32/Fuery
10973,Trojan:Win32/Fuery
10974,Trojan:Win32/Sonbokli
10975,Trojan:Win32/Emotet
10979,Trojan:Win32/MereTam
10985,Trojan:Win32/Emotet
10996,Trojan:O97M/Obfuse
10998,Trojan:Win32/Sonbokli
11001,Trojan:Win32/Sonbokli
11003,Trojan:Win32/Fuerboos
11005,Trojan:Win32/Fuerboos
11008,Trojan:Win32/Emotet
11017,Trojan:Win32/Emotet
11020,Trojan:Win32/Emotet
11036,Trojan:Win32/Emotet
11038,Trojan:Win32/Fuerboos
11043,Trojan:Win32/Emotet
11059,Trojan:Win32/Emotet
11061,Trojan:Win32/Emotet
11062,Trojan:Win32/Fuerboos
11065,Trojan:Win32/Emotet
11066,Trojan:Win32/Lokibot
11067,TrojanDownloader:O97M/Obfuse
11074,Trojan:Win32/Emotet
11079,Trojan:Win32/Sonbokli
11090,Trojan:Win32/Fuery
11097,Trojan:Win32/Emotet
11108,Trojan:Win32/Emotet
11114,TrojanDownloader:O97M/Obfuse
11124,Trojan:Win32/Emotet
11127,Trojan:Win32/Emotet
11129,Trojan:Win32/Emotet
11137,VirTool:Win32/VBInject
11142,Trojan:Win32/Emotet
11144,Trojan:Win32/Emotet
11159,Trojan:Win32/Emotet
11164,Trojan:Win32/Emotet
11165,Trojan:Win32/Sonbokli
11171,Trojan:Win32/Fuerboos
11179,Trojan:Win32/Emotet
11180,Trojan:Win32/Emotet
11184,TrojanDownloader:O97M/Obfuse
11197,Trojan:Win32/Fuerboos
11201,Trojan:Win32/Fuery
11208,Trojan:Win32/Emotet
11209,Trojan:Win32/Emotet
11210,Trojan:Win32/Emotet
11212,Trojan:Win32/Emotet
11213,Trojan:Win32/Emotet
11218,Trojan:Win32/Emotet
11220,Trojan:Win32/Fuerboos
11227,Trojan:Win32/Fuerboos
11229,Trojan:Win32/Emotet
11233,Trojan:Win32/Emotet
11236,VirTool:Win32/VBInject
11241,Trojan:Win32/Fuerboos
11265,Trojan:Win32/Emotet
11273,VirTool:Win32/VBInject
11278,Trojan:Win32/Emotet
11279,TrojanDownloader:O97M/Obfuse
11282,Trojan:Win32/Emotet
11292,TrojanDownloader:O97M/Obfuse
11294,Trojan:Win32/Emotet
11297,Trojan:HTML/Brocoiner
11308,Trojan:Win32/Dynamer
11310,Trojan:Win32/Emotet
11314,Trojan:Win32/Fuerboos
11323,Trojan:Win32/Emotet
11341,Trojan:Win32/Emotet
11349,Trojan:Win32/Emotet
11351,VirTool:Win32/VBInject
11356,Trojan:Win32/Emotet
11359,Trojan:Win32/Emotet
11362,Trojan:Win32/Emotet
11363,Trojan:Win32/Emotet
11364,Trojan:Win32/Emotet
11368,Trojan:Win32/Emotet
11369,Trojan:Win32/Emotet
11374,Trojan:Win32/Emotet
11377,Trojan:Win32/Fuery
11381,Trojan:Win32/Emotet
11384,Trojan:Win32/Emotet
11385,Trojan:Win32/Emotet
11388,Trojan:Win32/Fuerboos
11398,Trojan:Win32/Emotet
11407,TrojanDownloader:O97M/Obfuse
11415,Trojan:O97M/Obfuse
11418,Trojan:Win32/MereTam
11428,Trojan:Win32/Emotet
11430,Trojan:Win32/Skeeyah
11438,Trojan:Win32/Emotet
11439,Trojan:Win32/Emotet
11444,Trojan:Win32/Emotet
11449,Trojan:Win32/Emotet
11455,Trojan:Win32/Emotet
11459,Trojan:Win32/Emotet
11466,VirTool:Win32/VBInject
11467,Trojan:Win32/Emotet
11470,Trojan:Win32/Fuerboos
11473,Trojan:Win32/Emotet
11475,Trojan:Win32/Emotet
11478,Trojan:Win32/Emotet
11481,Trojan:Win32/Fuerboos
11482,Trojan:Win32/Emotet
11495,Trojan:Win32/Emotet
11506,Trojan:Win32/Emotet
11507,Trojan:Win32/Fuerboos
11508,Trojan:Win32/Emotet
11514,Trojan:Win32/Fuerboos
11519,Trojan:Win32/Emotet
11520,Trojan:Win32/Emotet
11528,Trojan:Win32/Occamy
11530,Trojan:Win32/Emotet
11531,Trojan:Win32/Fuerboos
11539,Trojan:O97M/Obfuse
11548,Trojan:Win32/Emotet
11558,Trojan:Win32/Fuerboos
11572,Trojan:Win32/Tiggre
11577,Trojan:Win32/Emotet
11585,Trojan:Win32/Emotet
11588,Trojan:Win32/Emotet
11592,Trojan:Win32/Lokibot
11595,Trojan:Win32/Emotet
11610,Trojan:Win32/Emotet
11616,VirTool:Win32/VBInject
11619,Trojan:Win32/Emotet
11630,VirTool:Win32/VBInject
11632,Trojan:HTML/Brocoiner
11637,TrojanDownloader:O97M/Obfuse
11645,Trojan:Win32/Lokibot
11650,Trojan:Win32/Occamy
11652,TrojanDownloader:O97M/Obfuse
11656,VirTool:Win32/VBInject
11659,Trojan:Win32/Emotet
11660,Trojan:Win32/Fuerboos
11673,Trojan:Win32/Fuerboos
11674,Trojan:Win32/Fuerboos
11675,Trojan:Win32/Emotet
11677,Trojan:Win32/Emotet
11681,Trojan:Win32/Fuerboos
11694,Trojan:Win32/Skeeyah
11696,Trojan:Win32/Emotet
11700,Trojan:Win32/Fuerboos
11704,Trojan:Win32/Emotet
11708,Trojan:O97M/Obfuse
11711,VirTool:Win32/VBInject
11715,Trojan:Win32/Emotet
11716,Trojan:O97M/Obfuse
11717,Trojan:Win32/Emotet
11722,Trojan:Win32/Sonbokli
11730,Trojan:Win32/Emotet
11757,Trojan:Win32/Fuerboos
11763,Trojan:Win32/Tiggre
11765,Trojan:Win32/Emotet
11768,Trojan:Win32/Emotet
11772,VirTool:Win32/VBInject
11773,Trojan:Win32/Emotet
11776,Trojan:Win32/MereTam
11780,Trojan:Win32/Emotet
11781,Trojan:Win32/Emotet
11782,Trojan:Win32/Emotet
11792,Trojan:Win32/Fuerboos
11793,Trojan:Win32/Emotet
11800,Trojan:Win32/Emotet
11807,Trojan:Win32/Emotet
11808,Trojan:Win32/Emotet
11812,TrojanDownloader:O97M/Obfuse
11815,Trojan:Win32/Emotet
11819,Trojan:Win32/Emotet
11822,VirTool:Win32/VBInject
11823,Trojan:Win32/Emotet
11824,Trojan:Win32/Emotet
11829,Trojan:Win32/Emotet
11833,Trojan:Win32/Fuerboos
11834,Trojan:Win32/Emotet
11836,Trojan:Win32/Emotet
11838,Trojan:Win32/Emotet
11840,Trojan:Win32/Emotet
11855,Trojan:Win32/Fuerboos
11856,Trojan:Win32/Emotet
11861,Trojan:Win32/Fuery
11863,VirTool:Win32/VBInject
11865,Trojan:Win32/Emotet
11868,Trojan:Win32/Emotet
11876,Trojan:Win32/Emotet
11877,Trojan:Win32/Emotet
11883,Trojan:Win32/Emotet
11896,Trojan:Win32/MereTam
11900,TrojanDownloader:O97M/Obfuse
11904,Trojan:Win32/Emotet
11905,TrojanDownloader:O97M/Obfuse
11910,Trojan:Win32/Emotet
11915,TrojanDownloader:O97M/Obfuse
11916,Trojan:Win32/Fuerboos
11917,Trojan:Win32/Fuerboos
11918,Trojan:Win32/Sonbokli
11919,Trojan:Win32/Emotet
11921,Trojan:Win32/Fuerboos
11922,Trojan:Win32/Fuerboos
11923,Trojan:Win32/Fuerboos
11929,Trojan:O97M/Obfuse
11945,Trojan:Win32/Emotet
11949,Trojan:Win32/Emotet
11961,Trojan:O97M/Obfuse
11964,Trojan:Win32/Emotet
11965,Trojan:Win32/Emotet
11969,Trojan:O97M/Obfuse
11977,Trojan:Win32/Emotet
11981,VirTool:Win32/VBInject
11986,VirTool:Win32/VBInject
11989,VirTool:Win32/VBInject
11991,Trojan:Win32/Emotet
11992,TrojanDownloader:O97M/Obfuse
11993,Trojan:Win32/Emotet
12001,Trojan:Win32/Emotet
12003,Trojan:Win32/Emotet
12004,Trojan:Win32/Emotet
12005,TrojanDownloader:O97M/Obfuse
12006,Trojan:Win32/Emotet
12012,Trojan:Win32/MereTam
12017,Trojan:Win32/Fuerboos
12024,Trojan:Win32/Occamy
12028,Trojan:Win32/Emotet
12036,TrojanDownloader:O97M/Obfuse
12039,VirTool:Win32/VBInject
12042,Trojan:Win32/Lokibot
12050,Trojan:Win32/Fuerboos
12055,PWS:Win32/Fareit
12062,Trojan:Win32/Emotet
12063,VirTool:Win32/VBInject
12072,Trojan:Win32/Fuerboos
12084,Trojan:Win32/Emotet
12092,TrojanDownloader:O97M/Obfuse
12096,Trojan:Win32/Emotet
12101,Trojan:Win32/Sonbokli
12111,Trojan:Win32/Emotet
12131,Trojan:Win32/Emotet
12134,VirTool:Win32/VBInject
12136,Trojan:Win32/Fuerboos
12137,Trojan:Win32/Emotet
12140,Trojan:Win32/Fuerboos
12148,VirTool:Win32/VBInject
12149,Trojan:Win32/Fuerboos
12155,Trojan:Win32/Emotet
12156,Trojan:Win32/Emotet
12160,Trojan:Win32/Emotet
12165,Trojan:Win32/Emotet
12171,Trojan:Win32/Emotet
12175,Trojan:Win32/Emotet
12177,Trojan:Win32/Emotet
12178,Trojan:Win32/Emotet
12186,Trojan:Win32/Emotet
12188,TrojanDownloader:O97M/Donoff
12189,Trojan:Win32/Emotet
12190,Trojan:Win32/Emotet
12192,Trojan:Win32/Emotet
12216,Trojan:Win32/Emotet
12217,Trojan:Win32/Occamy
12235,Trojan:Win32/Emotet
12241,Trojan:Win32/Emotet
12243,TrojanDownloader:O97M/Obfuse
12245,TrojanDownloader:O97M/Obfuse
12246,Trojan:Win32/Emotet
12259,Trojan:Win32/Fuery
12261,Trojan:Win32/Emotet
12269,Trojan:Win32/Emotet
12280,VirTool:Win32/VBInject
12282,Trojan:Win32/Fuerboos
12284,Trojan:Win32/Emotet
12286,Trojan:O97M/Obfuse
12287,Trojan:Win32/Fuery
12289,Trojan:Win32/Fuerboos
12291,Trojan:O97M/Obfuse
12296,Trojan:Win32/Fuery
12300,Trojan:Win32/Sonbokli
12303,Trojan:Win32/Emotet
12310,Trojan:Win32/Emotet
12317,Trojan:Win32/Emotet
12319,Trojan:Win32/Fuerboos
12320,Trojan:Win32/Lokibot
12321,Trojan:Win32/Emotet
12322,Trojan:Win32/Emotet
12325,VirTool:Win32/VBInject
12326,Trojan:Win32/Emotet
12327,TrojanDownloader:O97M/Obfuse
12328,VirTool:Win32/VBInject
12330,TrojanDownloader:O97M/Obfuse
12335,Trojan:Win32/Emotet
12338,Trojan:Win32/Fuerboos
12343,Trojan:Win32/Emotet
12348,Trojan:Win32/Emotet
12353,Trojan:Win32/Sonbokli
12358,Trojan:Win32/Skeeyah
12362,Trojan:Win32/Fuerboos
12365,TrojanDownloader:O97M/Obfuse
12369,Trojan:Win32/Sonbokli
12370,Trojan:Win32/Emotet
12371,Trojan:HTML/Brocoiner
12372,Trojan:Win32/Fuerboos
12381,Trojan:Win32/Emotet
12386,Trojan:Win32/Emotet
12388,PWS:Win32/Fareit
12390,Trojan:Win32/Fuery
12393,Trojan:Win32/Emotet
12399,Trojan:Win32/Emotet
12404,Trojan:Win32/Emotet
12406,Trojan:Win32/Tiggre
12410,PWS:Win32/Fareit
12418,Trojan:Win32/Emotet
12426,Trojan:Win32/Emotet
12429,Trojan:Win32/Emotet
12431,Trojan:Win32/Lokibot
12434,Trojan:Win32/Emotet
12437,Trojan:Win32/Fuerboos
12439,Trojan:Win32/Dynamer
12441,Trojan:Win32/Emotet
12454,Trojan:Win32/Emotet
12457,Trojan:Win32/Fuerboos
12463,Trojan:Win32/Emotet
12464,Trojan:Win32/Emotet
12472,PWS:Win32/Fareit
12476,Trojan:Win32/Fuerboos
12489,Trojan:Win32/Fuerboos
12491,Trojan:Win32/Emotet
12493,Trojan:Win32/Emotet
12494,Trojan:Win32/Sonbokli
12497,Trojan:Win32/Emotet
12502,Trojan:Win32/Emotet
12505,Trojan:Win32/Emotet
12517,Trojan:Win32/Fuerboos
12522,Trojan:Win32/Emotet
12532,VirTool:Win32/VBInject
12533,Trojan:Win32/Emotet
12544,Trojan:Win32/Emotet
12583,Trojan:Win32/Emotet
12602,Trojan:Win32/Emotet
12611,Trojan:Win32/Fuerboos
12614,Trojan:Win32/Fuerboos
12617,Trojan:Win32/Emotet
12619,VirTool:Win32/VBInject
12629,TrojanDownloader:O97M/Obfuse
12633,Trojan:Win32/Occamy
12638,Trojan:Win32/Emotet
12642,Trojan:Win32/Emotet
12659,Trojan:Win32/Emotet
12662,Trojan:Win32/Emotet
12666,Trojan:Win32/Emotet
12667,Trojan:Win32/Fuerboos
12670,Trojan:Win32/Tiggre
12671,Trojan:Win32/Emotet
12673,Trojan:Win32/Emotet
12680,Trojan:Win32/Emotet
12681,Trojan:Win32/MereTam
12683,Trojan:Win32/Emotet
12685,VirTool:Win32/VBInject
12688,Trojan:Win32/Fuerboos
12691,Trojan:HTML/Brocoiner
12695,TrojanDownloader:O97M/Obfuse
12698,Trojan:Win32/Emotet
12712,Trojan:Win32/Emotet
12713,Trojan:Win32/Emotet
12715,Trojan:Win32/Emotet
12717,Trojan:Win32/Emotet
12721,Trojan:HTML/Brocoiner
12722,Trojan:Win32/Emotet
12723,Trojan:Win32/Emotet
12726,Trojan:Win32/Emotet
12740,Trojan:Win32/Fuerboos
12745,Trojan:Win32/Emotet
12749,Trojan:O97M/Obfuse
12752,Trojan:Win32/Emotet
12753,Trojan:Win32/Emotet
12755,Trojan:Win32/Skeeyah
12762,Trojan:Win32/Emotet
12779,VirTool:Win32/VBInject
12790,Trojan:Win32/Emotet
12791,Trojan:Win32/Emotet
12795,VirTool:Win32/VBInject
12810,Trojan:Win32/Emotet
12814,Trojan:Win32/Fuerboos
12821,Trojan:Win32/Fuerboos
12822,Trojan:Win32/Emotet
12827,Trojan:Win32/Emotet
12829,Trojan:Win32/Fuery
12835,Trojan:Win32/Emotet
12844,Trojan:Win32/Sonbokli
12845,Trojan:Win32/Emotet
12847,Trojan:Win32/Emotet
12852,Trojan:Win32/Emotet
12861,VirTool:Win32/VBInject
12862,Trojan:Win32/Emotet
12864,Trojan:Win32/Emotet
12866,Trojan:Win32/Emotet
12876,Trojan:Win32/Emotet
12878,Trojan:Win32/Emotet
12884,Trojan:Win32/Emotet
12892,Trojan:O97M/Obfuse
12893,VirTool:Win32/VBInject
12899,Trojan:Win32/Emotet
12901,Trojan:Win32/Emotet
12903,Trojan:Win32/Emotet
12905,Trojan:Win32/Emotet
12911,Trojan:Win32/Fuerboos
12913,Trojan:Win32/MereTam
12914,Trojan:Win32/Fuerboos
12915,Trojan:Win32/Emotet
12916,VirTool:Win32/VBInject
12920,Trojan:Win32/Fuerboos
12921,VirTool:Win32/VBInject
12947,VirTool:Win32/VBInject
12949,Trojan:Win32/Emotet
12953,Trojan:Win32/Lokibot
12956,TrojanDownloader:O97M/Obfuse
12963,Trojan:O97M/Obfuse
12969,Trojan:Win32/Emotet
12972,Trojan:Win32/Emotet
12976,Trojan:Win32/Emotet
12989,Trojan:Win32/Emotet
12990,Trojan:Win32/Fuerboos
12996,Trojan:Win32/Sonbokli
12999,Trojan:Win32/Fuerboos
13000,Trojan:Win32/Emotet
13001,Trojan:Win32/Emotet
13002,Trojan:Win32/Fuerboos
13014,Trojan:Win32/Fuerboos
13024,Trojan:Win32/Emotet
13029,Trojan:Win32/Emotet
13037,Trojan:Win32/Fuerboos
13038,Trojan:Win32/Fuerboos
13041,Trojan:Win32/Emotet
13044,Trojan:Win32/Fuerboos
13048,Trojan:Win32/Fuerboos
13051,Trojan:O97M/Obfuse
13056,Trojan:Win32/Fuerboos
13058,Trojan:Win32/Emotet
13066,Trojan:Win32/Emotet
13067,VirTool:Win32/VBInject
13076,Trojan:Win32/Fuerboos
13077,Trojan:Win32/Emotet
13078,VirTool:Win32/VBInject
13082,Trojan:Win32/Sonbokli
13086,Trojan:Win32/Emotet
13089,Trojan:Win32/Emotet
13093,Trojan:Win32/Emotet
13100,Trojan:Win32/Emotet
13101,VirTool:Win32/VBInject
13102,Trojan:Win32/Pynamer
13103,Trojan:Win32/Emotet
13107,Trojan:Win32/Sonbokli
13109,TrojanDownloader:O97M/Obfuse
13113,Trojan:Win32/Emotet
13116,Trojan:Win32/Emotet
13122,TrojanDownloader:O97M/Obfuse
13125,Trojan:Win32/Fuerboos
13126,Trojan:Win32/Emotet
13128,TrojanDownloader:O97M/Obfuse
13134,Trojan:Win32/Emotet
13136,Trojan:Win32/Emotet
13144,Trojan:Win32/Emotet
13146,TrojanDownloader:O97M/Obfuse
13150,Trojan:Win32/Fuerboos
13151,VirTool:Win32/VBInject
13160,Trojan:Win32/Emotet
13166,Trojan:Win32/Fuerboos
13167,Trojan:Win32/Fuerboos
13169,Trojan:Win32/Emotet
13170,Trojan:Win32/Fuerboos
13179,Trojan:Win32/MereTam
13200,Trojan:Win32/Lokibot
13201,Trojan:Win32/Occamy
13211,Trojan:Win32/Emotet
13221,Trojan:Win32/Emotet
13229,Trojan:Win32/Emotet
13240,Trojan:Win32/Fuerboos
13264,Trojan:Win32/Emotet
13266,Trojan:Win32/Fuerboos
13268,Trojan:Win32/Emotet
13269,Trojan:Win32/Emotet
13276,VirTool:Win32/VBInject
13278,Trojan:Win32/Emotet
13282,Trojan:Win32/Emotet
13286,Trojan:Win32/Fuerboos
13291,Trojan:Win32/Sonbokli
13295,Trojan:Win32/Emotet
13298,TrojanDownloader:O97M/Obfuse
13300,PWS:Win32/Fareit
13312,Trojan:Win32/Emotet
13315,Trojan:Win32/Fuerboos
13338,Trojan:Win32/Emotet
13341,Trojan:Win32/Emotet
13343,VirTool:Win32/VBInject
13345,Trojan:Win32/Fuerboos
13363,Trojan:Win32/Emotet
13364,Trojan:Win32/Fuerboos
13365,Trojan:Win32/Emotet
13367,VirTool:Win32/VBInject
13370,Trojan:Win32/MereTam
13377,Trojan:Win32/Emotet
13380,TrojanDownloader:O97M/Obfuse
13382,Trojan:O97M/Obfuse
13390,Trojan:Win32/Emotet
13395,VirTool:Win32/VBInject
13404,Trojan:Win32/Dynamer
13410,Trojan:Win32/Fuerboos
13415,Trojan:Win32/Skeeyah
13419,VirTool:Win32/VBInject
13423,VirTool:Win32/VBInject
13435,Trojan:Win32/Emotet
13439,Trojan:Win32/Fuerboos
13445,Trojan:Win32/Fuery
13457,Trojan:Win32/Emotet
13462,Trojan:O97M/Obfuse
13465,Trojan:Win32/Emotet
13479,Trojan:Win32/Emotet
13492,Trojan:Win32/Emotet
13496,Trojan:Win32/Emotet
13498,VirTool:Win32/VBInject
13510,Trojan:Win32/Emotet
13514,Trojan:Win32/Emotet
13523,Trojan:Win32/Fuerboos
13524,Trojan:Win32/Emotet
13527,Trojan:Win32/Emotet
13531,Trojan:Win32/Emotet
13535,Trojan:Win32/Emotet
13542,TrojanDownloader:O97M/Obfuse
13549,VirTool:Win32/VBInject
13550,Trojan:Win32/Emotet
13552,Trojan:Win32/Emotet
13553,Trojan:Win32/Emotet
13556,Trojan:Win32/Emotet
13560,TrojanDownloader:O97M/Obfuse
13561,Trojan:Win32/Emotet
13569,Trojan:Win32/Emotet
13570,VirTool:Win32/VBInject
13571,Trojan:Win32/Emotet
13580,Trojan:Win32/Occamy
13583,Trojan:Win32/Emotet
13585,Trojan:Win32/Emotet
13591,VirTool:Win32/VBInject
13592,Trojan:Win32/MereTam
13601,Trojan:Win32/Emotet
13617,Trojan:Win32/Emotet
13623,Trojan:Win32/Fuerboos
13625,VirTool:Win32/VBInject
13631,Trojan:Win32/Fuerboos
13638,VirTool:Win32/VBInject
13642,Trojan:Win32/Emotet
13643,Trojan:Win32/Fuerboos
13644,Trojan:Win32/Emotet
13646,Trojan:Win32/Emotet
13647,Trojan:Win32/Emotet
13652,VirTool:Win32/VBInject
13656,Trojan:Win32/Emotet
13659,Trojan:Win32/Fuery
13663,Trojan:Win32/Emotet
13665,Trojan:Win32/Emotet
13666,Trojan:O97M/Obfuse
13671,TrojanDownloader:O97M/Obfuse
13679,PWS:Win32/Fareit
13684,Trojan:Win32/Emotet
13685,TrojanDownloader:O97M/Obfuse
13689,Trojan:Win32/Emotet
13705,Trojan:O97M/Obfuse
13708,Trojan:HTML/Brocoiner
13709,Trojan:Win32/Sonbokli
13712,Trojan:HTML/Brocoiner
13716,TrojanDownloader:O97M/Obfuse
13718,VirTool:Win32/VBInject
13721,Trojan:Win32/Fuerboos
13723,Trojan:Win32/Emotet
13727,Trojan:Win32/Emotet
13728,Trojan:Win32/Emotet
13729,Trojan:Win32/Occamy
13736,Trojan:Win32/Emotet
13741,TrojanDownloader:O97M/Obfuse
13747,Trojan:Win32/Fuerboos
13749,Trojan:HTML/Brocoiner
13752,Trojan:Win32/Emotet
13753,Trojan:Win32/Emotet
13754,Trojan:Win32/Emotet
13755,Trojan:Win32/Emotet
13760,Trojan:O97M/Obfuse
13779,Trojan:Win32/Emotet
13789,Trojan:Win32/Fuerboos
13791,TrojanDownloader:O97M/Obfuse
13793,Trojan:Win32/Fuerboos
13800,PWS:Win32/Fareit
13805,PWS:Win32/Fareit
13813,Trojan:Win32/Emotet
13818,Trojan:Win32/Fuerboos
13820,Trojan:O97M/Obfuse
13822,Trojan:Win32/Emotet
13826,VirTool:Win32/VBInject
13829,Trojan:Win32/Fuerboos
13830,TrojanDownloader:O97M/Obfuse
13832,Trojan:HTML/Brocoiner
13835,VirTool:Win32/VBInject
13840,Trojan:Win32/Fuerboos
13851,Trojan:Win32/Fuerboos
13853,Trojan:Win32/Emotet
13858,Trojan:Win32/Emotet
13861,Trojan:Win32/Emotet
13873,Trojan:O97M/Obfuse
13882,Trojan:Win32/Emotet
13884,Trojan:Win32/Fuerboos
13886,Trojan:Win32/Emotet
13889,Trojan:Win32/Fuerboos
13894,Trojan:Win32/Lokibot
13897,Trojan:Win32/Emotet
13898,Trojan:Win32/Fuerboos
13900,Trojan:Win32/Fuerboos
13901,Trojan:Win32/Dynamer
13914,Trojan:Win32/Emotet
13917,Trojan:Win32/Emotet
13931,Trojan:Win32/Occamy
13934,Trojan:Win32/Emotet
13939,TrojanDownloader:O97M/Donoff
13949,Trojan:Win32/Fuerboos
13950,Trojan:Win32/Occamy
13951,Trojan:Win32/Emotet
13956,Trojan:Win32/Emotet
13957,Trojan:Win32/Fuerboos
13958,Trojan:Win32/Emotet
13961,Trojan:Win32/Emotet
13962,Trojan:Win32/Emotet
13966,Trojan:Win32/Fuerboos
13974,Trojan:Win32/Sonbokli
13978,Trojan:Win32/Emotet
13980,Trojan:Win32/Sonbokli
13983,Trojan:Win32/Emotet
13984,Trojan:Win32/Emotet
13987,Trojan:Win32/Occamy
13989,Trojan:Win32/Emotet
14000,VirTool:Win32/VBInject
14003,Trojan:Win32/Emotet
14007,Trojan:Win32/Emotet
14013,Trojan:Win32/Sonbokli
14017,Trojan:Win32/Fuerboos
14018,VirTool:Win32/VBInject
14020,Trojan:Win32/Emotet
14023,TrojanDownloader:O97M/Obfuse
14026,Trojan:Win32/Fuerboos
14027,Trojan:Win32/Emotet
14030,Trojan:Win32/Emotet
14033,Trojan:Win32/Emotet
14035,Trojan:Win32/Emotet
14046,Trojan:Win32/Emotet
14049,TrojanDownloader:O97M/Obfuse
14051,Trojan:Win32/Emotet
14056,VirTool:Win32/VBInject
14062,VirTool:Win32/VBInject
14068,VirTool:Win32/VBInject
14071,Trojan:Win32/Fuerboos
14074,VirTool:Win32/VBInject
14077,Trojan:Win32/Fuerboos
14080,Trojan:Win32/Emotet
14086,Trojan:Win32/Emotet
14092,Trojan:Win32/Emotet
14100,Trojan:Win32/Emotet
14107,Trojan:Win32/Fuerboos
14111,TrojanDownloader:O97M/Obfuse
14123,Trojan:Win32/Emotet
14124,Trojan:Win32/Emotet
14126,Trojan:Win32/Emotet
14127,Trojan:Win32/Emotet
14128,Trojan:Win32/Emotet
14141,Trojan:Win32/Emotet
14144,Trojan:Win32/Fuery
14145,Trojan:Win32/Emotet
14152,Trojan:Win32/MereTam
14153,Trojan:Win32/Fuery
14155,Trojan:HTML/Brocoiner
14157,Trojan:Win32/Emotet
14158,TrojanDownloader:O97M/Obfuse
14165,Trojan:Win32/Emotet
14166,Trojan:Win32/Emotet
14171,Trojan:Win32/Fuerboos
14174,Trojan:Win32/Emotet
14180,Trojan:Win32/Emotet
14182,Trojan:Win32/Fuerboos
14188,Trojan:Win32/Emotet
14191,Trojan:Win32/Fuerboos
14194,Trojan:Win32/Emotet
14196,Trojan:Win32/Emotet
14201,Trojan:Win32/Emotet
14202,Trojan:Win32/Emotet
14209,Trojan:Win32/Emotet
14217,Trojan:Win32/Emotet
14226,Trojan:Win32/Emotet
14232,Trojan:Win32/Emotet
14234,Trojan:Win32/Emotet
14240,Trojan:Win32/Fuerboos
14247,Trojan:Win32/Emotet
14256,Trojan:Win32/Emotet
14263,Trojan:Win32/Emotet
14274,Trojan:Win32/Emotet
14283,VirTool:Win32/VBInject
14286,Trojan:Win32/Emotet
14292,Trojan:Win32/Fuerboos
14293,Trojan:O97M/Obfuse
14295,Trojan:Win32/Fuerboos
14300,TrojanDownloader:O97M/Obfuse
14303,Trojan:Win32/Emotet
14304,Trojan:Win32/Fuerboos
14306,Trojan:Win32/Fuerboos
14313,Trojan:Win32/Emotet
14319,Trojan:Win32/Emotet
14330,Trojan:Win32/Emotet
14331,Trojan:Win32/Fuerboos
14345,Trojan:Win32/Fuerboos
14348,Trojan:Win32/Fuerboos
14356,Trojan:Win32/Emotet
14360,TrojanDownloader:O97M/Obfuse
14371,Trojan:Win32/Emotet
14390,Trojan:Win32/Emotet
14391,Trojan:Win32/Sonbokli
14395,VirTool:Win32/VBInject
14406,Trojan:Win32/Sonbokli
14414,Trojan:Win32/Emotet
14415,Trojan:Win32/Emotet
14420,Trojan:Win32/Lokibot
14421,TrojanDownloader:O97M/Obfuse
14424,Trojan:Win32/Emotet
14435,Trojan:O97M/Obfuse
14438,Trojan:Win32/Emotet
14440,Trojan:Win32/Emotet
14442,Trojan:Win32/Fuerboos
14452,Trojan:Win32/Emotet
14456,Trojan:Win32/Emotet
14458,Trojan:Win32/Emotet
14462,Trojan:Win32/Emotet
14472,Trojan:Win32/Emotet
14477,TrojanDownloader:O97M/Obfuse
14480,Trojan:Win32/Emotet
14482,Trojan:Win32/Emotet
14489,Trojan:Win32/Emotet
14500,Trojan:Win32/Emotet
14502,TrojanDownloader:O97M/Obfuse
14507,Trojan:Win32/Emotet
14509,Trojan:Win32/Fuerboos
14513,Trojan:Win32/Emotet
14533,Trojan:O97M/Obfuse
14538,Trojan:Win32/Fuerboos
14539,Trojan:Win32/Emotet
14541,VirTool:Win32/VBInject
14549,Trojan:Win32/Fuerboos
14557,Trojan:Win32/Emotet
14558,Trojan:Win32/Fuerboos
14561,Trojan:Win32/Fuerboos
14563,Trojan:Win32/Emotet
14565,Trojan:Win32/Emotet
14571,Trojan:Win32/Fuerboos
14572,PWS:Win32/Fareit
14574,Trojan:Win32/Fuerboos
14591,Trojan:Win32/Occamy
14615,Trojan:HTML/Brocoiner
14620,Trojan:Win32/Emotet
14629,Trojan:Win32/Emotet
14634,TrojanDownloader:O97M/Donoff
14638,Trojan:Win32/Emotet
14641,Trojan:Win32/Emotet
14644,Trojan:Win32/Fuerboos
14651,Trojan:Win32/Emotet
14685,Trojan:Win32/Emotet
14688,Trojan:Win32/Emotet
14695,Trojan:Win32/Fuerboos
14715,Trojan:Win32/Skeeyah
14721,Trojan:Win32/Fuerboos
14726,Trojan:Win32/Emotet
14727,Trojan:Win32/Emotet
14732,Trojan:Win32/Emotet
14733,Trojan:Win32/Fuerboos
14742,Trojan:Win32/Fuery
14744,TrojanDownloader:O97M/Obfuse
14745,Trojan:Win32/Emotet
14757,Trojan:Win32/Emotet
14781,Trojan:Win32/Emotet
14782,Trojan:Win32/Fuerboos
14783,PWS:Win32/Fareit
14784,Trojan:O97M/Obfuse
14788,Trojan:Win32/Dynamer
14797,Trojan:Win32/Emotet
14806,TrojanDownloader:O97M/Obfuse
14811,Trojan:Win32/Emotet
14815,Trojan:Win32/Emotet
14822,Trojan:Win32/Emotet
14832,Trojan:Win32/MereTam
14834,Trojan:Win32/Emotet
14853,Trojan:Win32/Emotet
14858,Trojan:Win32/Sonbokli
14861,TrojanDownloader:O97M/Obfuse
14872,Trojan:Win32/Emotet
14873,Trojan:Win32/Fuerboos
14874,Trojan:Win32/Emotet
14877,Trojan:Win32/Emotet
14878,Trojan:Win32/Emotet
14880,Trojan:Win32/Emotet
14881,Trojan:Win32/Fuerboos
14882,Trojan:Win32/Sonbokli
14888,Trojan:Win32/Emotet
14894,Trojan:Win32/Fuerboos
14895,Trojan:Win32/Emotet
14899,TrojanDownloader:O97M/Obfuse
14912,Trojan:Win32/Fuerboos
14915,Trojan:Win32/Skeeyah
14916,Trojan:Win32/Emotet
14917,VirTool:Win32/VBInject
14920,Trojan:Win32/Fuerboos
14929,Trojan:Win32/Emotet
14932,VirTool:Win32/VBInject
14933,Trojan:Win32/Fuerboos
14935,VirTool:Win32/VBInject
14937,Trojan:Win32/Emotet
14940,TrojanDownloader:O97M/Obfuse
14943,Trojan:Win32/Emotet
14949,Trojan:Win32/Fuerboos
14958,Trojan:Win32/Fuerboos
14959,Trojan:Win32/Emotet
14970,Trojan:Win32/Emotet
14976,Trojan:Win32/Emotet
14977,Trojan:Win32/Sonbokli
14980,VirTool:Win32/VBInject
14984,Trojan:Win32/Emotet
14985,Trojan:Win32/Fuerboos
14987,Trojan:Win32/Emotet
14990,VirTool:Win32/VBInject
14991,Trojan:Win32/Emotet
15002,TrojanDownloader:O97M/Obfuse
15004,Trojan:Win32/Emotet
15006,Trojan:Win32/Emotet
15008,TrojanDownloader:O97M/Obfuse
15016,Trojan:Win32/Emotet
15028,TrojanDownloader:O97M/Obfuse
15032,Trojan:Win32/Fuery
15037,Trojan:Win32/Emotet
15038,VirTool:Win32/VBInject
15039,Trojan:Win32/Emotet
15047,Trojan:Win32/Emotet
15062,TrojanDownloader:O97M/Obfuse
15069,Trojan:Win32/Emotet
15070,Trojan:Win32/Emotet
15073,Trojan:Win32/Fuerboos
15075,Trojan:Win32/Emotet
15076,Trojan:Win32/Fuerboos
15078,Trojan:Win32/Emotet
15095,Trojan:Win32/Emotet
15097,Trojan:Win32/Fuerboos
15101,Trojan:Win32/Emotet
15103,Trojan:Win32/Emotet
15123,Trojan:Win32/Emotet
15124,Trojan:Win32/Fuerboos
15131,VirTool:Win32/VBInject
15137,Trojan:Win32/Emotet
15139,Trojan:Win32/Fuerboos
15142,Trojan:Win32/Fuerboos
15146,VirTool:Win32/VBInject
15148,Trojan:Win32/Fuerboos
15171,Trojan:Win32/Emotet
15173,TrojanDownloader:O97M/Obfuse
15179,Trojan:Win32/Sonbokli
15182,Trojan:Win32/Emotet
15183,Trojan:Win32/Emotet
15184,VirTool:Win32/VBInject
15186,Trojan:Win32/Emotet
15190,Trojan:HTML/Brocoiner
15199,Trojan:Win32/Emotet
15201,Trojan:Win32/Emotet
15210,Trojan:Win32/Fuerboos
15211,Trojan:O97M/Obfuse
15218,Trojan:Win32/Fuerboos
15219,Trojan:Win32/Emotet
15220,Trojan:Win32/Emotet
15225,Trojan:Win32/Skeeyah
15226,VirTool:Win32/VBInject
15228,Trojan:Win32/Sonbokli
15233,Trojan:Win32/Emotet
15237,Trojan:Win32/Fuerboos
15241,TrojanDownloader:O97M/Obfuse
15249,VirTool:Win32/VBInject
15250,VirTool:Win32/VBInject
15251,Trojan:Win32/Emotet
15264,TrojanDownloader:O97M/Obfuse
15267,Trojan:Win32/Emotet
15268,Trojan:Win32/Emotet
15271,VirTool:Win32/VBInject
15273,Trojan:Win32/Emotet
15279,TrojanDownloader:O97M/Obfuse
15283,Trojan:Win32/Occamy
15286,Trojan:Win32/Fuerboos
15288,Trojan:Win32/Fuerboos
15293,Trojan:Win32/Fuerboos
15317,PWS:Win32/Fareit
15319,Trojan:Win32/Emotet
15327,Trojan:O97M/Obfuse
15330,Trojan:HTML/Brocoiner
15336,Trojan:Win32/Emotet
15341,Trojan:Win32/Emotet
15342,Trojan:Win32/MereTam
15346,Trojan:Win32/Fuerboos
15347,Trojan:Win32/Emotet
15356,Trojan:Win32/Emotet
15358,Trojan:Win32/Fuerboos
15359,Trojan:Win32/Emotet
15364,PWS:Win32/Fareit
15365,Trojan:Win32/Fuerboos
15373,Trojan:Win32/Emotet
15377,Trojan:Win32/Emotet
15382,Trojan:Win32/Lokibot
15386,Trojan:Win32/Emotet
15398,Trojan:Win32/Emotet
15403,Trojan:Win32/Emotet
15407,VirTool:Win32/VBInject
15411,Trojan:Win32/Emotet
15413,Trojan:Win32/Sonbokli
15420,Trojan:Win32/Sonbokli
15421,Trojan:Win32/Emotet
15427,Trojan:HTML/Brocoiner
15430,Trojan:Win32/Fuerboos
15433,Trojan:Win32/Azden
15435,Trojan:Win32/Fuerboos
15437,Trojan:Win32/Emotet
15442,Trojan:Win32/Emotet
15448,VirTool:Win32/VBInject
15453,Trojan:Win32/Emotet
15456,Trojan:Win32/Lokibot
15469,Trojan:Win32/Emotet
15490,Trojan:Win32/Fuerboos
15509,Trojan:HTML/Brocoiner
15512,Trojan:Win32/MereTam
15513,Trojan:Win32/Emotet
15519,TrojanDownloader:O97M/Obfuse
15520,Trojan:Win32/Emotet
15521,TrojanDownloader:O97M/Obfuse
15529,Trojan:Win32/Skeeyah
15531,Trojan:Win32/Fuery
15534,Trojan:Win32/Emotet
15535,TrojanDownloader:O97M/Donoff
15542,Trojan:Win32/Fuerboos
15548,VirTool:Win32/VBInject
15551,Trojan:Win32/Fuerboos
15552,TrojanDownloader:O97M/Obfuse
15560,Trojan:O97M/Obfuse
15563,Trojan:Win32/Emotet
15608,Trojan:Win32/Emotet
15611,Trojan:Win32/Emotet
15615,Trojan:Win32/Emotet
15618,Trojan:Win32/Emotet
15624,Trojan:Win32/Emotet
15625,Trojan:Win32/Fuerboos
15635,Trojan:Win32/Fuery
15642,Trojan:Win32/Emotet
15655,Trojan:Win32/Emotet
15661,Trojan:Win32/Emotet
15665,Trojan:Win32/Emotet
15666,Trojan:Win32/Emotet
15672,Trojan:Win32/Fuerboos
15676,Trojan:Win32/Fuerboos
15684,Trojan:Win32/Sonbokli
15688,Trojan:Win32/Emotet
15695,Trojan:Win32/Fuerboos
15699,VirTool:Win32/VBInject
15707,Trojan:HTML/Brocoiner
15711,Trojan:Win32/Emotet
15718,Trojan:Win32/Fuerboos
15721,Trojan:Win32/Emotet
15723,Trojan:Win32/Fuerboos
15724,Trojan:O97M/Obfuse
15734,Trojan:O97M/Obfuse
15737,Trojan:Win32/Emotet
15754,Trojan:Win32/Fuerboos
15761,VirTool:Win32/VBInject
15765,Trojan:Win32/Emotet
15775,Trojan:Win32/Emotet
15776,Trojan:Win32/Emotet
15782,Trojan:Win32/Occamy
15784,TrojanDownloader:O97M/Obfuse
15786,VirTool:Win32/VBInject
15789,Trojan:Win32/Lokibot
15791,VirTool:Win32/VBInject
15792,Trojan:Win32/Fuerboos
15801,TrojanDownloader:O97M/Obfuse
15803,Trojan:Win32/Emotet
15804,TrojanDownloader:O97M/Obfuse
15806,Trojan:Win32/Emotet
15811,Trojan:Win32/Emotet
15812,TrojanDownloader:O97M/Obfuse
15816,Trojan:Win32/Emotet
15837,Trojan:Win32/Fuery
15838,VirTool:Win32/VBInject
15843,Trojan:Win32/Emotet
15849,Trojan:Win32/Emotet
15851,Trojan:Win32/Fuerboos
15855,Trojan:O97M/Obfuse
15857,TrojanDownloader:O97M/Obfuse
15867,VirTool:Win32/VBInject
15870,Trojan:Win32/Fuerboos
15881,TrojanDownloader:O97M/Obfuse
15883,Trojan:O97M/Obfuse
15886,VirTool:Win32/VBInject
15889,Trojan:Win32/Skeeyah
15893,TrojanDownloader:O97M/Donoff
15895,Trojan:O97M/Obfuse
15896,Trojan:Win32/Fuerboos
15897,TrojanDownloader:O97M/Donoff
15898,VirTool:Win32/VBInject
15902,Trojan:Win32/Emotet
15904,Trojan:Win32/Sonbokli
15909,Trojan:Win32/Emotet
15916,Trojan:Win32/Skeeyah
15917,Trojan:Win32/Emotet
15923,Trojan:Win32/Emotet
15932,Trojan:Win32/Emotet
15941,Trojan:Win32/Emotet
15942,Trojan:Win32/Emotet
15943,Trojan:Win32/Emotet
15955,Trojan:Win32/Fuerboos
15965,Trojan:Win32/Fuerboos
15966,TrojanDownloader:O97M/Obfuse
15967,VirTool:Win32/VBInject
15976,Trojan:Win32/Emotet
15977,TrojanDownloader:O97M/Obfuse
15983,Trojan:Win32/Fuerboos
15986,Trojan:Win32/Emotet
15990,Trojan:Win32/Fuerboos
15991,Trojan:Win32/Emotet
15993,Trojan:Win32/Fuerboos
16001,TrojanDownloader:O97M/Obfuse
16015,Trojan:Win32/Emotet
16020,Trojan:Win32/Emotet
16025,Trojan:Win32/Fuerboos
16029,Trojan:Win32/Emotet
16031,Trojan:Win32/Emotet
16034,Trojan:Win32/Fuerboos
16035,Trojan:Win32/Emotet
16036,Trojan:Win32/Emotet
16049,Trojan:Win32/Fuerboos
16060,Trojan:Win32/Sonbokli
16080,VirTool:Win32/VBInject
16083,Trojan:Win32/Emotet
16089,Trojan:Win32/Emotet
16090,Trojan:Win32/Emotet
16096,Trojan:Win32/Fuerboos
16097,Trojan:Win32/Fuerboos
16100,VirTool:Win32/VBInject
16102,Trojan:O97M/Obfuse
16114,Trojan:Win32/Fuerboos
16120,Trojan:Win32/Emotet
16122,Trojan:Win32/Fuerboos
16124,VirTool:Win32/VBInject
16148,Trojan:Win32/Emotet
16149,Trojan:Win32/Emotet
16162,Trojan:Win32/Emotet
16165,TrojanDownloader:O97M/Obfuse
16172,Trojan:Win32/Emotet
16183,Trojan:Win32/Emotet
16189,TrojanDownloader:O97M/Obfuse
16195,Trojan:Win32/Fuerboos
16204,Trojan:Win32/Emotet
16214,TrojanDownloader:O97M/Obfuse
16216,Trojan:Win32/Emotet
16222,Trojan:Win32/Fuerboos
16225,Trojan:Win32/Emotet
16226,Trojan:Win32/Emotet
16231,Trojan:Win32/Emotet
16235,Trojan:Win32/Emotet
16244,Trojan:Win32/Emotet
16251,Trojan:Win32/Emotet
16252,TrojanDownloader:O97M/Obfuse
16256,PWS:Win32/Fareit
16264,VirTool:Win32/VBInject
16269,Trojan:Win32/Emotet
16271,Trojan:Win32/Fuerboos
16276,Trojan:Win32/Fuerboos
16278,Trojan:Win32/Fuerboos
16293,Trojan:Win32/Fuerboos
16303,Trojan:Win32/Fuerboos
16306,Trojan:Win32/Emotet
16307,Trojan:Win32/Fuerboos
16308,Trojan:Win32/Fuerboos
16311,TrojanDownloader:O97M/Obfuse
16325,Trojan:O97M/Obfuse
16327,Trojan:Win32/Emotet
16328,Trojan:Win32/Emotet
16331,Trojan:Win32/Fuerboos
16333,Trojan:Win32/Fuerboos
16345,Trojan:Win32/Emotet
16348,Trojan:Win32/Fuerboos
16351,Trojan:Win32/Emotet
16366,TrojanDownloader:O97M/Obfuse
16377,Trojan:Win32/Emotet
16381,Trojan:Win32/Emotet
16389,Trojan:Win32/Emotet
16394,VirTool:Win32/VBInject
16396,Trojan:Win32/Emotet
16397,Trojan:Win32/Fuerboos
16399,Trojan:Win32/Emotet
16400,Trojan:Win32/Emotet
16402,Trojan:Win32/Emotet
16408,Trojan:Win32/Emotet
16420,Trojan:Win32/Emotet
16435,Trojan:Win32/Emotet
16445,Trojan:Win32/Emotet
16447,Trojan:Win32/Emotet
16451,Trojan:Win32/Fuerboos
16452,Trojan:Win32/Fuerboos
16454,Trojan:Win32/Fuerboos
16458,Trojan:Win32/Emotet
16462,Trojan:Win32/Occamy
16475,Trojan:Win32/Fuerboos
16484,Trojan:Win32/Emotet
16486,Trojan:Win32/Emotet
16511,Trojan:Win32/Emotet
16513,Trojan:Win32/Occamy
16518,Trojan:Win32/Fuerboos
16520,Trojan:Win32/Sonbokli
16529,Trojan:Win32/Emotet
16534,Trojan:Win32/Fuerboos
16535,Trojan:Win32/Fuerboos
16546,Trojan:Win32/Emotet
16553,Trojan:Win32/Emotet
16556,Trojan:Win32/Emotet
16559,PWS:Win32/Fareit
16560,Trojan:O97M/Obfuse
16566,TrojanDownloader:O97M/Donoff
16568,Trojan:Win32/Fuerboos
16569,Trojan:HTML/Brocoiner
16582,Trojan:Win32/Fuerboos
16591,VirTool:Win32/VBInject
16595,Trojan:O97M/Obfuse
16596,Trojan:Win32/Emotet
16598,Trojan:Win32/Emotet
16610,Trojan:Win32/Occamy
16616,Trojan:Win32/Sonbokli
16618,Trojan:Win32/Fuery
16619,Trojan:Win32/Emotet
16620,Trojan:Win32/Sonbokli
16624,Trojan:Win32/Emotet
16631,VirTool:Win32/VBInject
16644,Trojan:Win32/Emotet
16656,TrojanDownloader:O97M/Obfuse
16677,Trojan:Win32/Emotet
16689,Trojan:Win32/Sonbokli
16693,Trojan:Win32/Emotet
16695,Trojan:HTML/Brocoiner
16696,Trojan:Win32/Sonbokli
16705,Trojan:Win32/Emotet
16717,Trojan:Win32/Emotet
16731,Trojan:Win32/Fuerboos
16740,Trojan:Win32/Emotet
16741,Trojan:Win32/Fuerboos
16742,Trojan:Win32/Fuerboos
16744,Trojan:O97M/Obfuse
16746,Trojan:Win32/Sonbokli
16748,Trojan:HTML/Brocoiner
16752,Trojan:Win32/Emotet
16759,Trojan:Win32/Emotet
16762,Trojan:Win32/Fuerboos
16769,Trojan:Win32/Emotet
16772,Trojan:Win32/Dynamer
16776,PWS:Win32/Fareit
16785,TrojanDownloader:O97M/Obfuse
16791,Trojan:Win32/Fuerboos
16793,Trojan:Win32/Fuerboos
16794,Trojan:Win32/Emotet
16795,Trojan:Win32/Emotet
16800,Trojan:Win32/Emotet
16808,Trojan:Win32/Emotet
16812,Trojan:Win32/Fuerboos
16814,Trojan:Win32/Emotet
16821,Trojan:Win32/Emotet
16824,Trojan:Win32/Emotet
16829,Trojan:Win32/Emotet
16842,VirTool:Win32/VBInject
16849,Trojan:Win32/Emotet
16850,Trojan:Win32/Emotet
16858,Trojan:Win32/Emotet
16862,TrojanDownloader:O97M/Donoff
16864,Trojan:Win32/Emotet
16865,Trojan:Win32/Fuerboos
16868,Trojan:Win32/Emotet
16878,VirTool:Win32/VBInject
16881,Trojan:Win32/Emotet
16889,Trojan:Win32/Emotet
16898,Trojan:Win32/Lokibot
16903,Trojan:Win32/Fuery
16905,Trojan:Win32/Emotet
16907,Trojan:Win32/Emotet
16910,Trojan:O97M/Obfuse
16912,Trojan:Win32/Pynamer
16915,VirTool:Win32/VBInject
16925,VirTool:Win32/VBInject
16934,Trojan:Win32/Emotet
16935,PWS:Win32/Fareit
16936,Trojan:Win32/Emotet
16941,Trojan:Win32/Emotet
16944,Trojan:Win32/Emotet
16946,PWS:Win32/Fareit
16947,Trojan:Win32/Occamy
16948,Trojan:Win32/Emotet
16951,TrojanDownloader:O97M/Donoff
16956,Trojan:Win32/Fuerboos
16962,VirTool:Win32/VBInject
16966,Trojan:Win32/Fuerboos
16971,TrojanDownloader:O97M/Obfuse
16981,Trojan:Win32/Emotet
17000,Trojan:Win32/Emotet
17004,Trojan:Win32/Emotet
17006,Trojan:Win32/Emotet
17009,Trojan:Win32/Emotet
17011,TrojanDownloader:O97M/Obfuse
17013,Trojan:Win32/Fuerboos
17017,Trojan:Win32/Fuerboos
17026,Trojan:Win32/Fuerboos
17039,Trojan:Win32/Fuerboos
17040,VirTool:Win32/VBInject
17042,Trojan:Win32/Emotet
17044,Trojan:Win32/MereTam
17045,Trojan:Win32/Emotet
17047,Trojan:Win32/Emotet
17058,Trojan:Win32/Emotet
17060,Trojan:Win32/Fuerboos
17061,VirTool:Win32/VBInject
17064,Trojan:Win32/Fuerboos
17071,Trojan:Win32/Emotet
17073,Trojan:Win32/Emotet
17077,Trojan:O97M/Obfuse
17081,Trojan:Win32/Fuerboos
17084,Trojan:Win32/MereTam
17095,Trojan:Win32/Emotet
17098,Trojan:Win32/Emotet
17099,Trojan:Win32/Emotet
17102,Trojan:Win32/Fuerboos
17106,Trojan:Win32/Emotet
17110,Trojan:Win32/Fuerboos
17123,Trojan:O97M/Obfuse
17128,Trojan:Win32/Emotet
17129,Trojan:Win32/Emotet
17135,TrojanDownloader:O97M/Obfuse
17137,Trojan:Win32/Fuerboos
17140,Trojan:Win32/Fuerboos
17141,Trojan:HTML/Brocoiner
17149,Trojan:Win32/Fuerboos
17152,Trojan:Win32/Emotet
17154,VirTool:Win32/VBInject
17158,Trojan:Win32/Emotet
17159,Trojan:HTML/Brocoiner
17163,Trojan:HTML/Brocoiner
17171,Trojan:Win32/Emotet
17173,VirTool:Win32/VBInject
17176,Trojan:O97M/Obfuse
17178,Trojan:Win32/Emotet
17188,Trojan:Win32/Emotet
17204,Trojan:Win32/Emotet
17205,Trojan:Win32/Emotet
17206,Trojan:Win32/Emotet
17208,Trojan:Win32/Emotet
17233,Trojan:Win32/Fuerboos
17234,Trojan:Win32/Emotet
17238,Trojan:Win32/Fuerboos
17241,VirTool:Win32/VBInject
17245,Trojan:Win32/Azden
17256,VirTool:Win32/VBInject
17276,Trojan:Win32/Emotet
17277,VirTool:Win32/VBInject
17282,Trojan:Win32/Emotet
17284,Trojan:Win32/Emotet
17292,TrojanDownloader:O97M/Obfuse
17300,Trojan:Win32/Emotet
17306,Trojan:Win32/Fuerboos
17315,TrojanDownloader:O97M/Obfuse
17317,TrojanDownloader:O97M/Obfuse
17318,TrojanDownloader:O97M/Obfuse
17321,Trojan:Win32/Emotet
17322,Trojan:Win32/Emotet
17329,Trojan:Win32/Emotet
17331,Trojan:Win32/Emotet
17342,Trojan:Win32/Dynamer
17345,Trojan:Win32/Sonbokli
17346,Trojan:Win32/Fuerboos
17353,Trojan:Win32/Emotet
17367,Trojan:Win32/Occamy
17368,Trojan:O97M/Obfuse
17387,Trojan:Win32/Emotet
17388,PWS:Win32/Fareit
17396,Trojan:Win32/Sonbokli
17400,Trojan:Win32/Lokibot
17409,Trojan:Win32/MereTam
17413,Trojan:Win32/Emotet
17415,Trojan:Win32/Emotet
17417,Trojan:Win32/Emotet
17419,Trojan:Win32/Emotet
17421,Trojan:Win32/Emotet
17431,Trojan:Win32/Emotet
17434,Trojan:Win32/Emotet
